month,total_visits,total_people_served,unique_clients,unique_households,avg_household_size,avg_client_age,ow_cases_official,ow_beneficiaries,odsp_cases_official,odsp_beneficiaries,total_homeless,total_chronic_homeless
2015-01-01,1864,2205,1327,1305,1.2567049808429118,41.941950464396285,8257,14896,10998,15022,,
2015-02-01,1992,2673,1456,1428,1.3242296918767507,42.47801814375436,8270,14928,11000,15052,,
2015-03-01,5015,10000,3838,3753,2.005062616573408,42.841428196377,8391,15071,11056,15140,,
2015-04-01,4811,9753,3595,3495,1.9919885550786838,42.80635188308038,8460,15264,11066,15150,,
2015-05-01,4899,10421,3670,3580,2.0812849162011173,42.74267551133223,8579,15546,11002,15042,,
2015-06-01,5359,11646,3853,3723,2.0942788074133762,42.56543535620053,8548,15502,11061,15115,,
2015-07-01,4940,10505,3605,3503,2.0579503282900373,43.18283791362872,8536,15539,11131,15207,,
2015-08-01,5026,11441,3689,3585,2.1090655509065552,43.10666301069372,8559,15608,11073,15108,,
2015-09-01,5249,12250,3608,3497,2.164140692021733,43.1376404494382,8399,15287,11184,15292,,
2015-10-01,5287,12924,3508,3376,2.2106042654028437,43.43881370572991,8394,15239,11202,15301,,
2015-11-01,5514,14144,3799,3652,2.3507667031763417,42.71775499190502,8382,15179,11155,15224,,
2015-12-01,4835,13395,3205,3066,2.605022831050228,43.59609224855862,8310,15004,11254,15373,,
2016-01-01,5695,14416,3893,3750,2.408533333333333,42.58544883538341,8495,15235,11203,15255,,
2016-02-01,5697,15001,3988,3847,2.504029113595009,42.32812899923215,8540,15244,11288,15372,,
2016-03-01,6250,16438,4220,4072,2.4990176817288803,42.65203685741998,8667,15413,11324,15413,,
2016-04-01,6175,16337,4231,4053,2.4890204786577845,43.05728038507822,8640,15356,11325,15412,,
2016-05-01,6330,17119,4343,4197,2.571122230164403,43.0203604025275,8665,15447,11347,15463,,
2016-06-01,6563,17472,4376,4217,2.5013042447237375,43.03676983942285,8732,15633,11422,15568,,
2016-07-01,5196,13778,3638,3500,2.49,43.17897091722595,8755,15691,11380,15454,,
2016-08-01,5657,15241,3914,3790,2.4978891820580476,43.09874279727606,8620,15513,11487,15574,,
2016-09-01,5659,15250,3841,3703,2.497164461247637,43.433112582781455,8690,15644,11514,15652,,
2016-10-01,5252,14213,3598,3480,2.4971264367816093,43.550230946882216,8602,15476,11510,15633,,
2016-11-01,6634,18322,4480,4308,2.5872794800371404,43.67629006592407,8616,15477,11640,15849,,
2016-12-01,5384,15517,3637,3493,2.646149441740624,43.73312883435583,8693,15601,11691,15925,,
2017-01-01,5889,15226,3952,3807,2.468610454426057,43.37250384024578,8761,15916,11643,15823,,
2017-02-01,5871,15787,3916,3764,2.5462274176408077,43.63155176865479,8891,16297,11795,16095,,
2017-03-01,6622,17608,4180,4035,2.492936802973978,43.53982086661825,9055,16720,11838,16162,,
2017-04-01,5200,14204,3609,3480,2.539942528735632,43.9441309255079,9092,16848,11772,16053,,
2017-05-01,6148,16460,4107,3953,2.525676701239565,43.71559179639239,9183,17025,11946,16337,,
2017-06-01,6180,16807,4054,3921,2.5220606988013263,43.7711205815994,9171,17103,11946,16322,,
2017-07-01,5518,15066,3785,3647,2.5505895256375104,43.63035858722027,9148,17111,11887,16199,,
2017-08-01,6242,17643,4114,3939,2.6024371667936026,43.15535669898086,9209,17284,11987,16412,,
2017-09-01,5577,15208,3745,3604,2.584350721420644,43.87853260869565,9164,17263,11988,16390,,
2017-10-01,5577,15042,3857,3724,2.5698174006444683,43.65411140583554,9089,17128,12031,16438,,
2017-11-01,7337,20562,4853,4662,2.63020163020163,43.69133990354372,9154,17309,12140,16624,,
2017-12-01,5155,14715,3526,3378,2.641207815275311,44.812897628687104,9186,17512,12151,16600,,
2018-01-01,6197,16454,4116,3953,2.534783708575765,43.38569667077682,9239,17519,12163,16646,,
2018-02-01,5579,15284,3806,3656,2.5801422319474834,43.67610903260289,9329,17703,12239,16789,,
2018-03-01,6084,16676,3943,3793,2.5357237015554968,44.228952772073924,9230,17567,12308,16870,,
2018-04-01,5582,15171,3770,3640,2.5456043956043954,44.00595238095238,9242,17604,12242,16716,,
2018-05-01,6212,16933,3991,3827,2.555265220799582,44.023574144486695,9341,17791,12419,17028,,
2018-06-01,5538,15122,3740,3608,2.5629157427937916,44.29523293607801,9372,17966,12443,17038,,
2018-07-01,5698,15514,3781,3631,2.5411732305150094,44.26614848566068,9293,17787,12456,17089,,
2018-08-01,6172,17136,4055,3868,2.590744570837642,44.233417085427135,9395,18110,12542,17227,,
2018-09-01,5345,14976,3597,3472,2.6183755760368665,44.240662735186746,9242,17801,12477,17108,,
2018-10-01,6130,16940,3966,3808,2.555672268907563,44.6687898089172,9052,17366,12661,17403,,
2018-11-01,7375,20868,4801,4623,2.706900281202682,44.11669470142977,9128,17543,12700,17447,,
2018-12-01,5145,14797,3428,3265,2.705666156202144,44.840550029256875,9079,17350,12607,17290,,
2019-01-01,6691,17755,4128,3931,2.4991096413126432,43.980797636632204,9137,17353,12724,17491,754.0,293.0
2019-02-01,5519,15168,3685,3582,2.5739810161920715,44.00136537411251,9173,17440,12728,17528,725.0,298.0
2019-03-01,6309,17519,4063,3910,2.5797953964194376,44.24962816063461,9063,17176,12783,17615,738.0,302.0
2019-04-01,5965,16438,3851,3703,2.5657574939238454,44.64355135277121,9133,17353,12742,17578,764.0,327.0
2019-05-01,6790,19111,4232,4068,2.618485742379548,44.42925430210325,9255,17641,12800,17646,758.0,363.0
2019-06-01,5812,16486,3825,3681,2.641130127682695,44.80603334215401,9243,17637,12680,17461,697.0,366.0
2019-07-01,6210,17855,4024,3871,2.663394471712736,44.41166166166166,9157,17522,12858,17753,693.0,368.0
2019-08-01,6210,18604,3950,3776,2.7378177966101696,45.061703212646606,9232,17665,13039,18005,718.0,353.0
2019-09-01,6014,17364,3979,3816,2.6729559748427674,44.64681933842239,9088,17512,12825,17678,697.0,332.0
2019-10-01,6582,19534,4072,3900,2.722051282051282,45.08754623921085,9006,17345,12976,17928,694.0,359.0
2019-11-01,7314,21844,4779,4555,2.8,44.74030354131535,9081,17482,12907,17793,749.0,371.0
2019-12-01,5314,15984,3558,3421,2.814966384098217,45.617045454545455,9094,17393,12882,17748,856.0,383.0
2020-01-01,7086,20383,4385,4173,2.6855978912053677,44.568838916934375,9340,17874,12930,17819,827.0,406.0
2020-02-01,6389,18625,4087,3912,2.7216257668711656,44.5529352734571,9335,17787,12888,17750,845.0,427.0
2020-03-01,6590,18364,4433,4255,2.627262044653349,45.21123933768189,9457,17873,13014,17976,895.0,460.0
2020-04-01,7481,22081,4117,3943,2.719502916560994,44.153603215618716,9786,18502,13035,17985,852.0,469.0
2020-05-01,7312,21855,3730,3591,2.7808409913673073,45.1203007518797,9281,17723,12913,17820,822.0,492.0
2020-06-01,7349,22282,3659,3532,2.828708946772367,45.70125114433934,8914,17084,12914,17825,784.0,484.0
2020-07-01,7184,21884,3631,3494,2.8875214653692045,45.916666666666664,8765,16955,12925,17854,775.0,484.0
2020-08-01,6577,20010,3598,3478,2.871477860839563,45.92143727161998,8520,16600,12822,17707,746.0,482.0
2020-09-01,7662,23378,3900,3754,2.8569525839104957,46.14572864321608,8215,16108,12908,17861,744.0,498.0
2020-10-01,8183,25393,4231,4073,2.9069481954333414,45.737344288364696,8243,16272,12869,17834,819.0,518.0
2020-11-01,8070,24984,4306,4132,2.9169893514036787,45.60631313131313,8148,16093,12743,17619,808.0,497.0
2020-12-01,7300,22750,3958,3819,2.941084053417125,46.14666666666667,7990,15704,12829,17773,840.0,512.0
2021-01-01,7771,23743,3987,3851,2.8709426123084913,46.00371747211896,7996,15690,12703,17517,887.0,527.0
2021-02-01,8004,25061,3948,3819,2.918041372086934,45.99689265536723,7803,15304,12847,17748,832.0,528.0
2021-03-01,9762,30229,4353,4189,2.8624970159942706,45.931628260319066,7815,15363,12850,17754,819.0,521.0
2021-04-01,8936,27723,4183,4045,2.862546353522868,46.439793422125575,7588,14919,12838,17729,823.0,548.0
2021-05-01,8733,26961,4040,3897,2.8555298947908647,46.265043380912395,7466,14627,12738,17568,835.0,558.0
2021-06-01,9333,28912,4304,4146,2.863724071394115,45.99370409233998,7302,14245,12854,17746,836.0,562.0
2021-07-01,9064,28025,4339,4213,2.8934251127462614,46.21770721205598,7239,14162,12817,17659,835.0,583.0
2021-08-01,9601,30224,4552,4364,2.924610449129239,45.85626686288938,7224,14110,12731,17538,885.0,582.0
2021-09-01,10201,31899,4829,4661,2.9684617034971037,45.847034096216724,7073,13783,12823,17692,922.0,606.0
2021-10-01,9670,29641,4951,4784,2.9224498327759196,45.809512652296156,7192,13926,12800,17622,932.0,587.0
2021-11-01,9730,29315,5176,5009,2.8658414853264125,46.14400895856663,7369,14058,12756,17551,967.0,595.0
2021-12-01,8634,26427,4776,4634,2.9313767803193786,46.136756126021005,7623,14500,12836,17629,1050.0,629.0
2022-01-01,7234,21413,4522,4386,2.8337893296853625,46.05474722564735,7760,14713,12648,17375,1046.0,635.0
2022-02-01,8177,24719,4768,4620,2.8575757575757574,45.47646084693636,7758,14574,12825,17619,1052.0,642.0
2022-03-01,10312,31052,5593,5389,2.8285396177398403,45.41069991954948,7951,14843,12844,17652,1077.0,671.0
2022-04-01,9058,27436,5138,4966,2.841320982682239,45.3401403956605,7894,14752,12813,17580,1108.0,681.0
2022-05-01,9900,29218,5749,5554,2.7796182931220743,44.95971195017516,7898,14754,12785,17552,1096.0,669.0
2022-06-01,11302,33199,6642,6412,2.762944479101684,44.46756756756757,7985,14954,12852,17664,1145.0,657.0
2022-07-01,10206,30405,6230,6031,2.779970154203283,44.653471026965,7981,15004,12707,17416,1149.0,662.0
2022-08-01,11368,33811,6518,6270,2.754066985645933,44.605231037489105,7961,14945,12798,17595,1202.0,658.0
2022-09-01,11518,34266,6807,6567,2.745545911375057,44.28863172226004,8028,15058,12792,17576,1183.0,658.0
2022-10-01,11055,33128,6548,6307,2.7857935627081023,44.44782913165266,7908,14835,12647,17325,1171.0,653.0
2022-11-01,12552,37554,7147,6866,2.78109525196621,44.584961418486294,7897,14746,12763,17503,1149.0,670.0
2022-12-01,10719,33209,6834,6562,2.888753428832673,44.55034459573037,8001,14889,12772,17557,1200.0,719.0
2023-01-01,11797,34802,7541,7281,2.742205740969647,43.30427159706726,8126,15037,12579,17262,1216.0,744.0
2023-02-01,12161,36525,7399,7124,2.7981471083660865,43.47742753049263,8133,15026,12738,17511,1173.0,756.0
2023-03-01,14542,43131,8353,8033,2.7212747416905265,43.16481663622313,8288,15286,12763,17517,1256.0,825.0
2023-04-01,12716,38065,7556,7301,2.7314066566223807,43.573983491287066,8285,15275,12681,17378,1245.0,830.0
2023-05-01,15087,44803,8608,8293,2.654769082358616,42.569352708058126,8374,15299,12843,17632,1276.0,835.0
2023-06-01,15179,44020,8950,8603,2.5880506799953507,42.056860480041074,8451,15475,12855,17651,1335.0,868.0
2023-07-01,12660,36637,7900,7603,2.6300144679731683,42.39046010975095,8521,15568,12736,17439,1393.0,877.0
2023-08-01,15743,47222,8823,8504,2.754703668861712,42.59056750453485,8512,15475,12886,17698,1463.0,896.0
2023-09-01,14827,42819,9170,8821,2.5976646638703094,41.88653273809524,8577,15549,12854,17578,1530.0,921.0
2023-10-01,15964,46159,9468,9133,2.5737435672834774,41.663245592851965,8529,15365,12891,17621,1574.0,957.0
2023-11-01,16875,49783,9524,9198,2.6860186997173296,42.802633182981836,8708,15541,12961,17704,1557.0,971.0
2023-12-01,13027,39378,8330,8040,2.8243781094527365,43.81205242534793,8794,15707,12946,17647,1510.0,971.0
2024-01-01,15123,45630,8846,8481,2.807805683292065,43.38939551849922,8940,15880,12882,17567,1483.0,977.0
2024-02-01,15983,48612,9155,8825,2.799546742209632,43.41049460205875,9080,16077,13012,17774,1483.0,995.0
2024-03-01,16066,48339,9043,8722,2.7988993350149047,43.83366808937986,9084,16068,12974,17733,1481.0,983.0
2024-04-01,16805,51279,9143,8804,2.8282598818718765,43.58085524698943,9159,16149,13002,17779,1462.0,960.0
2024-05-01,17894,54405,9659,9253,2.8287042040419323,43.62258177981006,9283,16413,13146,18009,1437.0,989.0
2024-06-01,15940,48786,9083,8742,2.8804621368107983,43.71262397453165,9418,16655,13029,17816,1434.0,997.0
2024-07-01,16065,48010,9221,8853,2.823449678075229,43.89651778023871,9523,16822,12645,17355,1428.0,985.0
2024-08-01,17037,52238,9514,9112,2.8384547848990342,44.09287701052122,9823,17378,13219,18109,1463.0,998.0
2024-09-01,16126,49458,9141,8793,2.859774820880246,44.393385982230996,9822,17310,13152,17999,1498.0,1003.0
2024-10-01,18774,57737,9901,9489,2.828222151965434,44.343086966658895,9880,17351,13256,18161,1478.0,1024.0
2024-11-01,17465,53699,9732,9364,2.876121315677061,44.190404970087435,9968,17512,13248,18115,1485.0,1034.0
2024-12-01,12595,40773,7429,7138,3.0900812552535726,44.26338264450206,9926,17403,13249,18086,1478.0,1035.0
2025-01-01,16383,51609,9335,8982,2.953017145401915,44.515061361100784,10163,17761,13293,18165,1485.0,1053.0
2025-02-01,15208,48426,8760,8433,2.9956124748013755,44.53557133634603,10135,17702,13258,18116,1428.0,1064.0
2025-03-01,17006,53142,9404,9060,2.910485651214128,44.62782503037667,10148,17703,13361,18241,1424.0,1039.0
2025-04-01,17554,55425,9317,8953,2.962470680218921,44.79813964725779,10222,17805,13802,18853,1392.0,1039.0
2025-05-01,17690,55560,9537,9193,2.9509409333188295,44.82755321693375,10447,18231,13433,18399,1393.0,1049.0
2025-06-01,17796,55816,9834,9490,2.960800842992624,44.74828622970535,10527,18279,13303,18146,1420.0,1074.0
2025-07-01,18419,57442,9467,9126,2.931404777558624,44.944719471947195,10690,18599,13463,18392,1316.0,1053.0
2025-08-01,16901,52818,9607,9251,2.9590314560588045,45.00722064393939,10779,18631,13398,18309,1324.0,1049.0
2025-09-01,16956,53545,9209,8843,2.991066380187719,45.15307090348589,10702,18454,13426,18349,1388.0,1037.0
2025-10-01,18958,60473,9956,9569,3.0172431811056537,45.33947877546375,10731,18468,13503,18449,1419.0,1049.0
2025-11-01,17360,55296,9413,9057,3.008060064038865,45.408778670392365,10737,18412,13347,18144,1434.0,1000.0
2025-12-01,16982,53924,10357,9968,2.997792937399679,45.28519970335841,10665,18375,13481,18387,1408.0,1012.0
2026-01-01,15966,51231,8963,8578,2.9928887852646304,45.33205741626794,10884,18742,13410,18236,1448.0,1031.0
2026-02-01,16569,53193,9117,8725,3.0148997134670488,45.28676728676729,10805,18604,13473,18295,1431.0,1014.0
2026-03-01,18615,59298,9637,9262,3.0009717123731376,45.36941176470588,10925,18735,13594,18487,1490.0,1039.0
2026-04-01,18937,60647,9437,9080,2.989977973568282,45.63256076879593,10839,18702,13672,18585,1540.0,1059.0
2026-05-01,17610,55440,9467,9094,2.987024411700022,45.6024823502619,10827,18708,13689,18552,1543.0,1046.0
2026-06-01,17929,57409,9104,8760,2.982420091324201,45.594338519125046,10545,18223,13703,18558,1552.0,1030.0
