month,total_people_served,year,month_num,total_people_served_lag1,total_people_served_lag2,total_people_served_lag3,total_people_served_lag6,total_people_served_lag12,total_people_served_rollingavg3,total_people_served_rollingavg6,total_people_served_rollingavg12,ow_cases_official_lag1,ow_beneficiaries_lag1,odsp_cases_official_lag1,odsp_beneficiaries_lag1,total_homeless_lag1,total_chronic_homeless_lag1,cpi_all_items_lag1,cpi_food_lag1,cpi_shelter_lag1,unemployment_rate_lag1
2015-01-01,2205,2015,1,,,,,,,,,,,,,,,,,,
2015-02-01,2673,2015,2,2205.0,,,,,,,,8257.0,14896.0,10998.0,15022.0,,,125.3,140.2,133.4,
2015-03-01,10000,2015,3,2673.0,2205.0,,,,,,,8270.0,14928.0,11000.0,15052.0,,,126.2,140.3,133.5,7.0
2015-04-01,9753,2015,4,10000.0,2673.0,2205.0,,,4959.333333333333,,,8391.0,15071.0,11056.0,15140.0,,,127.1,140.2,133.8,6.9
2015-05-01,10421,2015,5,9753.0,10000.0,2673.0,,,7475.333333333333,,,8460.0,15264.0,11066.0,15150.0,,,126.9,140.0,133.5,6.9
2015-06-01,11646,2015,6,10421.0,9753.0,10000.0,,,10058.0,,,8579.0,15546.0,11002.0,15042.0,,,127.7,141.7,134.1,6.5
2015-07-01,10505,2015,7,11646.0,10421.0,9753.0,2205.0,,10606.666666666666,7783.0,,8548.0,15502.0,11061.0,15115.0,,,128.2,141.9,134.4,6.6
2015-08-01,11441,2015,8,10505.0,11646.0,10421.0,2673.0,,10857.333333333334,9166.333333333334,,8536.0,15539.0,11131.0,15207.0,,,128.4,141.6,134.9,6.8
2015-09-01,12250,2015,9,11441.0,10505.0,11646.0,10000.0,,11197.333333333334,10627.666666666666,,8559.0,15608.0,11073.0,15108.0,,,128.0,141.4,135.0,6.9
2015-10-01,12924,2015,10,12250.0,11441.0,10505.0,9753.0,,11398.666666666666,11002.666666666666,,8399.0,15287.0,11184.0,15292.0,,,127.8,140.0,135.1,6.9
2015-11-01,14144,2015,11,12924.0,12250.0,11441.0,10421.0,,12205.0,11531.166666666666,,8394.0,15239.0,11202.0,15301.0,,,127.9,141.3,135.0,7.0
2015-12-01,13395,2015,12,14144.0,12924.0,12250.0,11646.0,,13106.0,12151.666666666666,,8382.0,15179.0,11155.0,15224.0,,,127.9,142.4,135.3,6.9
2016-01-01,14416,2016,1,13395.0,14144.0,12924.0,10505.0,2205.0,13487.666666666666,12443.166666666666,10113.083333333334,8310.0,15004.0,11254.0,15373.0,,,127.5,143.6,135.5,6.8
2016-02-01,15001,2016,2,14416.0,13395.0,14144.0,11441.0,2673.0,13985.0,13095.0,11130.666666666666,8495.0,15235.0,11203.0,15255.0,,,127.8,145.7,136.1,6.7
2016-03-01,16438,2016,3,15001.0,14416.0,13395.0,12250.0,10000.0,14270.666666666666,13688.333333333334,12158.0,8540.0,15244.0,11288.0,15372.0,,,128.2,146.9,136.2,6.8
2016-04-01,16337,2016,4,16438.0,15001.0,14416.0,12924.0,9753.0,15285.0,14386.333333333334,12694.5,8667.0,15413.0,11324.0,15413.0,,,129.0,146.1,136.5,6.9
2016-05-01,17119,2016,5,16337.0,16438.0,15001.0,14144.0,10421.0,15925.333333333334,14955.166666666666,13243.166666666666,8640.0,15356.0,11325.0,15412.0,,,129.6,145.1,136.9,7.2
2016-06-01,17472,2016,6,17119.0,16337.0,16438.0,13395.0,11646.0,16631.333333333332,15451.0,13801.333333333334,8665.0,15447.0,11347.0,15463.0,,,130.1,144.0,137.5,6.5
2016-07-01,13778,2016,7,17472.0,17119.0,16337.0,14416.0,10505.0,16976.0,16130.5,14286.833333333334,8732.0,15633.0,11422.0,15568.0,,,130.4,143.8,138.0,6.5
2016-08-01,15241,2016,8,13778.0,17472.0,17119.0,15001.0,11441.0,16123.0,16024.166666666666,14559.583333333334,8755.0,15691.0,11380.0,15454.0,,,130.3,144.0,138.5,6.3
2016-09-01,15250,2016,9,15241.0,13778.0,17472.0,16438.0,12250.0,15497.0,16064.166666666666,14876.25,8620.0,15513.0,11487.0,15574.0,,,129.9,142.4,138.7,6.5
2016-10-01,14213,2016,10,15250.0,15241.0,13778.0,16337.0,12924.0,14756.333333333334,15866.166666666666,15126.25,8690.0,15644.0,11514.0,15652.0,,,130.1,140.5,138.9,6.5
2016-11-01,18322,2016,11,14213.0,15250.0,15241.0,17119.0,14144.0,14901.333333333334,15512.166666666666,15233.666666666666,8602.0,15476.0,11510.0,15633.0,,,130.6,140.8,139.5,6.4
2016-12-01,15517,2016,12,18322.0,14213.0,15250.0,17472.0,13395.0,15928.333333333334,15712.666666666666,15581.833333333334,8616.0,15477.0,11640.0,15849.0,,,130.2,141.6,139.9,6.3
2017-01-01,15226,2017,1,15517.0,18322.0,14213.0,13778.0,14416.0,16017.333333333334,15386.833333333334,15758.666666666666,8693.0,15601.0,11691.0,15925.0,,,130.0,141.5,140.1,6.5
2017-02-01,15787,2017,2,15226.0,15517.0,18322.0,15241.0,15001.0,16355.0,15628.166666666666,15826.166666666666,8761.0,15916.0,11643.0,15823.0,,,130.8,142.1,140.2,6.6
2017-03-01,17608,2017,3,15787.0,15226.0,15517.0,15250.0,16438.0,15510.0,15719.166666666666,15891.666666666666,8891.0,16297.0,11795.0,16095.0,,,131.2,142.6,140.2,6.3
2017-04-01,14204,2017,4,17608.0,15787.0,15226.0,14213.0,16337.0,16207.0,16112.166666666666,15989.166666666666,9055.0,16720.0,11838.0,16162.0,,,131.4,142.4,140.5,6.3
2017-05-01,16460,2017,5,14204.0,17608.0,15787.0,18322.0,17119.0,15866.333333333334,16110.666666666666,15811.416666666666,9092.0,16848.0,11772.0,16053.0,,,132.0,143.0,140.7,6.0
2017-06-01,16807,2017,6,16460.0,14204.0,17608.0,15517.0,17472.0,16090.666666666666,15800.333333333334,15756.5,9183.0,17025.0,11946.0,16337.0,,,131.9,143.6,140.3,6.4
2017-07-01,15066,2017,7,16807.0,16460.0,14204.0,15226.0,13778.0,15823.666666666666,16015.333333333334,15701.083333333334,9171.0,17103.0,11946.0,16322.0,,,132.1,144.1,140.6,6.2
2017-08-01,17643,2017,8,15066.0,16807.0,16460.0,15787.0,15241.0,16111.0,15988.666666666666,15808.416666666666,9148.0,17111.0,11887.0,16199.0,,,131.9,145.1,139.8,6.0
2017-09-01,15208,2017,9,17643.0,15066.0,16807.0,17608.0,15250.0,16505.333333333332,16298.0,16008.583333333334,9209.0,17284.0,11987.0,16412.0,,,131.8,144.3,140.0,5.5
2017-10-01,15042,2017,10,15208.0,17643.0,15066.0,14204.0,14213.0,15972.333333333334,15898.0,16005.083333333334,9164.0,17263.0,11988.0,16390.0,,,132.3,142.8,140.1,5.8
2017-11-01,20562,2017,11,15042.0,15208.0,17643.0,16460.0,18322.0,15964.333333333334,16037.666666666666,16074.166666666666,9089.0,17128.0,12031.0,16438.0,,,132.3,142.0,140.5,5.8
2017-12-01,14715,2017,12,20562.0,15042.0,15208.0,16807.0,15517.0,16937.333333333332,16721.333333333332,16260.833333333334,9154.0,17309.0,12140.0,16624.0,,,132.7,143.3,140.8,5.9
2018-01-01,16454,2018,1,14715.0,20562.0,15042.0,15066.0,15226.0,16773.0,16372.666666666666,16194.0,9186.0,17512.0,12151.0,16600.0,,,132.0,144.3,141.1,5.9
2018-02-01,15284,2018,2,16454.0,14715.0,20562.0,17643.0,15787.0,17243.666666666668,16604.0,16296.333333333334,9239.0,17519.0,12163.0,16646.0,,,133.2,146.3,141.7,5.7
2018-03-01,16676,2018,3,15284.0,16454.0,14715.0,15208.0,17608.0,15484.333333333334,16210.833333333334,16254.416666666666,9329.0,17703.0,12239.0,16789.0,,,134.0,146.6,141.9,5.6
2018-04-01,15171,2018,4,16676.0,15284.0,16454.0,15042.0,14204.0,16138.0,16455.5,16176.75,9230.0,17567.0,12308.0,16870.0,,,134.6,146.0,141.9,5.6
2018-05-01,16933,2018,5,15171.0,16676.0,15284.0,20562.0,16460.0,15710.333333333334,16477.0,16257.333333333334,9242.0,17604.0,12242.0,16716.0,,,134.8,147.0,141.9,5.3
2018-06-01,15122,2018,6,16933.0,15171.0,16676.0,14715.0,16807.0,16260.0,15872.166666666666,16296.75,9341.0,17791.0,12419.0,17028.0,,,134.9,146.7,142.1,5.8
2018-07-01,15514,2018,7,15122.0,16933.0,15171.0,16454.0,15066.0,15742.0,15940.0,16156.333333333334,9372.0,17966.0,12443.0,17038.0,,,135.3,148.3,142.4,5.9
2018-08-01,17136,2018,8,15514.0,15122.0,16933.0,15284.0,17643.0,15856.333333333334,15783.333333333334,16193.666666666666,9293.0,17787.0,12456.0,17089.0,,,136.0,148.9,142.6,5.5
2018-09-01,14976,2018,9,17136.0,15514.0,15122.0,16676.0,15208.0,15924.0,16092.0,16151.416666666666,9395.0,18110.0,12542.0,17227.0,,,135.9,148.1,142.9,5.8
2018-10-01,16940,2018,10,14976.0,17136.0,15514.0,15171.0,15042.0,15875.333333333334,15808.666666666666,16132.083333333334,9242.0,17801.0,12477.0,17108.0,,,135.2,146.7,143.2,5.7
2018-11-01,20868,2018,11,16940.0,14976.0,17136.0,16933.0,20562.0,16350.666666666666,16103.5,16290.25,9052.0,17366.0,12661.0,17403.0,,,135.6,146.3,143.7,5.5
2018-12-01,14797,2018,12,20868.0,16940.0,14976.0,15122.0,14715.0,17594.666666666668,16759.333333333332,16315.75,9128.0,17543.0,12700.0,17447.0,,,135.1,148.0,143.9,5.7
2019-01-01,17755,2019,1,14797.0,20868.0,16940.0,15514.0,16454.0,17535.0,16705.166666666668,16322.583333333334,9079.0,17350.0,12607.0,17290.0,,,135.0,150.2,144.1,5.5
2019-02-01,15168,2019,2,17755.0,14797.0,20868.0,17136.0,15284.0,17806.666666666668,17078.666666666668,16431.0,9137.0,17353.0,12724.0,17491.0,754.0,293.0,135.2,151.6,145.0,5.6
2019-03-01,17519,2019,3,15168.0,17755.0,14797.0,14976.0,16676.0,15906.666666666666,16750.666666666668,16421.333333333332,9173.0,17440.0,12728.0,17528.0,725.0,298.0,136.0,151.9,145.5,5.6
2019-04-01,16438,2019,4,17519.0,15168.0,17755.0,16940.0,15171.0,16814.0,17174.5,16491.583333333332,9063.0,17176.0,12783.0,17615.0,738.0,302.0,137.0,151.9,145.8,5.9
2019-05-01,19111,2019,5,16438.0,17519.0,15168.0,20868.0,16933.0,16375.0,17090.833333333332,16597.166666666668,9133.0,17353.0,12742.0,17578.0,764.0,327.0,137.4,151.8,146.5,5.9
2019-06-01,16486,2019,6,19111.0,16438.0,17519.0,14797.0,15122.0,17689.333333333332,16798.0,16778.666666666668,9255.0,17641.0,12800.0,17646.0,758.0,363.0,138.1,152.7,146.6,5.2
2019-07-01,17855,2019,7,16486.0,19111.0,16438.0,17755.0,15514.0,17345.0,17079.5,16892.333333333332,9243.0,17637.0,12680.0,17461.0,697.0,366.0,138.0,153.7,146.8,5.3
2019-08-01,18604,2019,8,17855.0,16486.0,19111.0,15168.0,17136.0,17817.333333333332,17096.166666666668,17087.416666666668,9157.0,17522.0,12858.0,17753.0,693.0,368.0,138.8,153.8,147.3,5.7
2019-09-01,17364,2019,9,18604.0,17855.0,16486.0,17519.0,14976.0,17648.333333333332,17668.833333333332,17209.75,9232.0,17665.0,13039.0,18005.0,718.0,353.0,138.5,153.3,147.4,5.6
2019-10-01,19534,2019,10,17364.0,18604.0,17855.0,16438.0,16940.0,17941.0,17643.0,17408.75,9088.0,17512.0,12825.0,17678.0,697.0,332.0,137.5,151.9,147.3,5.5
2019-11-01,21844,2019,11,19534.0,17364.0,18604.0,19111.0,20868.0,18500.666666666668,18159.0,17624.916666666668,9006.0,17345.0,12976.0,17928.0,694.0,359.0,137.9,151.4,148.3,5.5
2019-12-01,15984,2019,12,21844.0,19534.0,17364.0,16486.0,14797.0,19580.666666666668,18614.5,17706.25,9081.0,17482.0,12907.0,17793.0,749.0,371.0,137.7,152.6,148.6,5.5
2020-01-01,20383,2020,1,15984.0,21844.0,19534.0,17855.0,17755.0,19120.666666666668,18530.833333333332,17805.166666666668,9094.0,17393.0,12882.0,17748.0,856.0,383.0,137.8,154.2,148.9,5.2
2020-02-01,18625,2020,2,20383.0,15984.0,21844.0,18604.0,15168.0,19403.666666666668,18952.166666666668,18024.166666666668,9340.0,17874.0,12930.0,17819.0,827.0,406.0,138.0,155.3,149.0,5.2
2020-03-01,18364,2020,3,18625.0,20383.0,15984.0,17364.0,17519.0,18330.666666666668,18955.666666666668,18312.25,9335.0,17787.0,12888.0,17750.0,845.0,427.0,138.7,154.4,149.3,5.6
2020-04-01,22081,2020,4,18364.0,18625.0,20383.0,19534.0,16438.0,19124.0,19122.333333333332,18382.666666666668,9457.0,17873.0,13014.0,17976.0,895.0,460.0,137.9,154.5,149.3,8.5
2020-05-01,21855,2020,5,22081.0,18364.0,18625.0,21844.0,19111.0,19690.0,19546.833333333332,18852.916666666668,9786.0,18502.0,13035.0,17985.0,852.0,469.0,137.3,156.4,148.4,12.1
2020-06-01,22282,2020,6,21855.0,22081.0,18364.0,15984.0,16486.0,20766.666666666668,19548.666666666668,19081.583333333332,9281.0,17723.0,12913.0,17820.0,822.0,492.0,137.5,156.1,148.0,14.2
2020-07-01,21884,2020,7,22282.0,21855.0,22081.0,20383.0,17855.0,22072.666666666668,20598.333333333332,19564.583333333332,8914.0,17084.0,12914.0,17825.0,784.0,484.0,138.6,156.6,149.7,12.6
2020-08-01,20010,2020,8,21884.0,22282.0,21855.0,18625.0,18604.0,22007.0,20848.5,19900.333333333332,8765.0,16955.0,12925.0,17854.0,775.0,484.0,138.8,157.0,149.5,11.4
2020-09-01,23378,2020,9,20010.0,21884.0,22282.0,18364.0,17364.0,21392.0,21079.333333333332,20017.5,8520.0,16600.0,12822.0,17707.0,746.0,482.0,138.6,155.9,150.2,10.4
2020-10-01,25393,2020,10,23378.0,20010.0,21884.0,22081.0,19534.0,21757.333333333332,21915.0,20518.666666666668,8215.0,16108.0,12908.0,17861.0,744.0,498.0,138.3,154.6,150.5,9.6
2020-11-01,24984,2020,11,25393.0,23378.0,20010.0,21855.0,21844.0,22927.0,22467.0,21006.916666666668,8243.0,16272.0,12869.0,17834.0,819.0,518.0,138.9,155.0,152.2,9.4
2020-12-01,22750,2020,12,24984.0,25393.0,23378.0,22282.0,15984.0,24585.0,22988.5,21268.583333333332,8148.0,16093.0,12743.0,17619.0,808.0,497.0,139.0,155.3,152.4,9.0
2021-01-01,23743,2021,1,22750.0,24984.0,25393.0,21884.0,20383.0,24375.666666666668,23066.5,21832.416666666668,7990.0,15704.0,12829.0,17773.0,840.0,512.0,138.8,155.2,152.3,9.9
2021-02-01,25061,2021,2,23743.0,22750.0,24984.0,20010.0,18625.0,23825.666666666668,23376.333333333332,22112.416666666668,7996.0,15690.0,12703.0,17517.0,887.0,527.0,139.5,157.1,151.1,10.2
2021-03-01,30229,2021,3,25061.0,23743.0,22750.0,23378.0,18364.0,23851.333333333332,24218.166666666668,22648.75,7803.0,15304.0,12847.0,17748.0,832.0,528.0,140.2,157.1,151.9,9.5
2021-04-01,27723,2021,4,30229.0,25061.0,23743.0,25393.0,22081.0,26344.333333333332,25360.0,23637.5,7815.0,15363.0,12850.0,17754.0,819.0,521.0,141.0,157.6,153.5,7.8
2021-05-01,26961,2021,5,27723.0,30229.0,25061.0,24984.0,21855.0,27671.0,25748.333333333332,24107.666666666668,7588.0,14919.0,12838.0,17729.0,823.0,548.0,141.8,157.2,154.6,9.4
2021-06-01,28912,2021,6,26961.0,27723.0,30229.0,22750.0,22282.0,28304.333333333332,26077.833333333332,24533.166666666668,7466.0,14627.0,12738.0,17568.0,835.0,558.0,142.6,158.1,155.7,9.4
2021-07-01,28025,2021,7,28912.0,26961.0,27723.0,23743.0,21884.0,27865.333333333332,27104.833333333332,25085.666666666668,7302.0,14245.0,12854.0,17746.0,836.0,562.0,143.1,158.1,156.9,8.8
2021-08-01,30224,2021,8,28025.0,28912.0,26961.0,25061.0,20010.0,27966.0,27818.5,25597.416666666668,7239.0,14162.0,12817.0,17659.0,835.0,583.0,143.7,159.2,157.2,7.9
2021-09-01,31899,2021,9,30224.0,28025.0,28912.0,30229.0,23378.0,29053.666666666668,28679.0,26448.583333333332,7224.0,14110.0,12731.0,17538.0,885.0,582.0,144.1,160.0,157.4,7.7
2021-10-01,29641,2021,10,31899.0,30224.0,28025.0,27723.0,25393.0,30049.333333333332,28957.333333333332,27158.666666666668,7073.0,13783.0,12823.0,17692.0,922.0,606.0,144.4,160.3,158.4,7.4
2021-11-01,29315,2021,11,29641.0,31899.0,30224.0,26961.0,24984.0,30588.0,29277.0,27512.666666666668,7192.0,13926.0,12800.0,17622.0,932.0,587.0,145.7,160.6,159.8,6.7
2021-12-01,26427,2021,12,29315.0,29641.0,31899.0,28912.0,22750.0,30285.0,29669.333333333332,27873.583333333332,7369.0,14058.0,12756.0,17551.0,967.0,595.0,146.0,162.8,160.5,6.5
2022-01-01,21413,2022,1,26427.0,29315.0,29641.0,28025.0,23743.0,28461.0,29255.166666666668,28180.0,7623.0,14500.0,12836.0,17629.0,1050.0,629.0,146.0,164.1,161.5,6.3
2022-02-01,24719,2022,2,21413.0,26427.0,29315.0,30224.0,25061.0,25718.333333333332,28153.166666666668,27985.833333333332,7760.0,14713.0,12648.0,17375.0,1046.0,635.0,147.4,166.7,161.8,7.4
2022-03-01,31052,2022,3,24719.0,21413.0,26427.0,31899.0,30229.0,24186.333333333332,27235.666666666668,27957.333333333332,7758.0,14574.0,12825.0,17619.0,1052.0,642.0,148.8,168.8,162.8,5.7
2022-04-01,27436,2022,4,31052.0,24719.0,21413.0,29641.0,27723.0,25728.0,27094.5,28025.916666666668,7951.0,14843.0,12844.0,17652.0,1077.0,671.0,150.8,170.5,164.8,5.4
2022-05-01,29218,2022,5,27436.0,31052.0,24719.0,29315.0,26961.0,27735.666666666668,26727.0,28002.0,7894.0,14752.0,12813.0,17580.0,1108.0,681.0,151.6,171.6,166.4,5.6
2022-06-01,33199,2022,6,29218.0,27436.0,31052.0,26427.0,28912.0,29235.333333333332,26710.833333333332,28190.083333333332,7898.0,14754.0,12785.0,17552.0,1096.0,669.0,153.7,173.4,167.2,5.4
2022-07-01,30405,2022,7,33199.0,29218.0,27436.0,21413.0,28025.0,29951.0,27839.5,28547.333333333332,7985.0,14954.0,12852.0,17664.0,1145.0,657.0,154.4,173.2,167.4,5.1
2022-08-01,33811,2022,8,30405.0,33199.0,29218.0,24719.0,30224.0,30940.666666666668,29338.166666666668,28745.666666666668,7981.0,15004.0,12707.0,17416.0,1149.0,662.0,154.6,174.6,168.8,5.1
2022-09-01,34266,2022,9,33811.0,30405.0,33199.0,31052.0,31899.0,32471.666666666668,30853.5,29044.583333333332,7961.0,14945.0,12798.0,17595.0,1202.0,658.0,154.1,175.9,168.6,5.4
2022-10-01,33128,2022,10,34266.0,33811.0,30405.0,27436.0,29641.0,32827.333333333336,31389.166666666668,29241.833333333332,8028.0,15058.0,12792.0,17576.0,1183.0,658.0,154.1,176.9,169.4,5.5
2022-11-01,37554,2022,11,33128.0,34266.0,33811.0,29218.0,29315.0,33735.0,32337.833333333332,29532.416666666668,7908.0,14835.0,12647.0,17325.0,1171.0,653.0,155.2,176.4,170.7,5.5
2022-12-01,33209,2022,12,37554.0,33128.0,34266.0,33199.0,26427.0,34982.666666666664,33727.166666666664,30219.0,7897.0,14746.0,12763.0,17503.0,1149.0,670.0,155.4,178.8,171.6,5.6
2023-01-01,34802,2023,1,33209.0,37554.0,33128.0,30405.0,21413.0,34630.333333333336,33728.833333333336,30784.166666666668,8001.0,14889.0,12772.0,17557.0,1200.0,719.0,154.8,180.4,172.0,5.3
2023-02-01,36525,2023,2,34802.0,33209.0,37554.0,33811.0,24719.0,35188.333333333336,34461.666666666664,31899.916666666668,8126.0,15037.0,12579.0,17262.0,1216.0,744.0,155.7,183.5,172.8,5.3
2023-03-01,43131,2023,3,36525.0,34802.0,33209.0,34266.0,31052.0,34845.333333333336,34914.0,32883.75,8133.0,15026.0,12738.0,17511.0,1173.0,756.0,156.4,184.6,173.1,5.2
2023-04-01,38065,2023,4,43131.0,36525.0,34802.0,33128.0,27436.0,38152.666666666664,36391.5,33890.333333333336,8288.0,15286.0,12763.0,17517.0,1256.0,825.0,157.3,185.2,173.8,5.3
2023-05-01,44803,2023,5,38065.0,43131.0,36525.0,37554.0,29218.0,39240.333333333336,37214.333333333336,34776.083333333336,8285.0,15275.0,12681.0,17378.0,1245.0,830.0,157.9,185.3,174.0,5.0
2023-06-01,44020,2023,6,44803.0,38065.0,43131.0,33209.0,33199.0,41999.666666666664,38422.5,36074.833333333336,8374.0,15299.0,12843.0,17632.0,1276.0,835.0,158.5,187.0,174.6,5.5
2023-07-01,36637,2023,7,44020.0,44803.0,38065.0,34802.0,30405.0,42296.0,40224.333333333336,36976.583333333336,8451.0,15475.0,12855.0,17651.0,1335.0,868.0,158.4,186.5,175.4,5.6
2023-08-01,47222,2023,8,36637.0,44020.0,44803.0,36525.0,33811.0,41820.0,40530.166666666664,37495.916666666664,8521.0,15568.0,12736.0,17439.0,1393.0,877.0,159.6,187.2,176.3,5.6
2023-09-01,42819,2023,9,47222.0,36637.0,44020.0,43131.0,34266.0,42626.333333333336,42313.0,38613.5,8512.0,15475.0,12886.0,17698.0,1463.0,896.0,159.9,187.0,177.2,5.8
2023-10-01,46159,2023,10,42819.0,47222.0,36637.0,38065.0,33128.0,42226.0,42261.0,39326.25,8577.0,15549.0,12854.0,17578.0,1530.0,921.0,159.7,186.7,177.7,5.8
2023-11-01,49783,2023,11,46159.0,42819.0,47222.0,44803.0,37554.0,45400.0,43610.0,40412.166666666664,8529.0,15365.0,12891.0,17621.0,1574.0,957.0,160.3,186.5,179.8,6.2
2023-12-01,39378,2023,12,49783.0,46159.0,42819.0,44020.0,33209.0,46253.666666666664,44440.0,41431.25,8708.0,15541.0,12961.0,17704.0,1557.0,971.0,160.6,187.9,180.2,6.1
2024-01-01,45630,2024,1,39378.0,49783.0,46159.0,36637.0,34802.0,45106.666666666664,43666.333333333336,41945.333333333336,8794.0,15707.0,12946.0,17647.0,1510.0,971.0,160.0,187.8,181.3,6.2
2024-02-01,48612,2024,2,45630.0,39378.0,49783.0,47222.0,36525.0,44930.333333333336,45165.166666666664,42847.666666666664,8940.0,15880.0,12882.0,17567.0,1483.0,977.0,159.9,189.5,181.8,6.1
2024-03-01,48339,2024,3,48612.0,45630.0,39378.0,42819.0,43131.0,44540.0,45396.833333333336,43854.916666666664,9080.0,16077.0,13012.0,17774.0,1483.0,995.0,160.2,189.3,182.5,6.6
2024-04-01,51279,2024,4,48339.0,48612.0,45630.0,46159.0,38065.0,47527.0,46316.833333333336,44288.916666666664,9084.0,16068.0,12974.0,17733.0,1481.0,983.0,161.4,189.4,183.4,6.8
2024-05-01,54405,2024,5,51279.0,48339.0,48612.0,49783.0,44803.0,49410.0,47170.166666666664,45390.083333333336,9159.0,16149.0,13002.0,17779.0,1462.0,960.0,162.2,189.2,183.7,6.8
2024-06-01,48786,2024,6,54405.0,51279.0,48339.0,39378.0,44020.0,51341.0,47940.5,46190.25,9283.0,16413.0,13146.0,18009.0,1437.0,989.0,163.2,190.7,185.2,6.7
2024-07-01,48010,2024,7,48786.0,54405.0,51279.0,45630.0,36637.0,51490.0,49508.5,46587.416666666664,9418.0,16655.0,13029.0,17816.0,1434.0,997.0,163.1,192.3,185.5,7.0
2024-08-01,52238,2024,8,48010.0,48786.0,54405.0,48612.0,47222.0,50400.333333333336,49905.166666666664,47535.166666666664,9523.0,16822.0,12645.0,17355.0,1428.0,985.0,163.9,192.7,185.9,6.8
2024-09-01,49458,2024,9,52238.0,48010.0,48786.0,48339.0,42819.0,49678.0,50509.5,47953.166666666664,9823.0,17378.0,13219.0,18109.0,1463.0,998.0,163.3,192.4,186.4,7.2
2024-10-01,57737,2024,10,49458.0,52238.0,48010.0,51279.0,46159.0,49902.0,50696.0,48506.416666666664,9822.0,17310.0,13152.0,17999.0,1498.0,1003.0,162.8,192.5,186.6,7.0
2024-11-01,53699,2024,11,57737.0,49458.0,52238.0,54405.0,49783.0,53144.333333333336,51772.333333333336,49471.25,9880.0,17351.0,13256.0,18161.0,1478.0,1024.0,163.5,193.1,187.7,7.1
2024-12-01,40773,2024,12,53699.0,57737.0,49458.0,48786.0,39378.0,53631.333333333336,51654.666666666664,49797.583333333336,9968.0,17512.0,13248.0,18115.0,1485.0,1034.0,163.5,193.9,188.1,7.8
2025-01-01,51609,2025,1,40773.0,53699.0,57737.0,48010.0,45630.0,50736.333333333336,50319.166666666664,49913.833333333336,9926.0,17403.0,13249.0,18086.0,1478.0,1035.0,162.7,188.3,188.8,7.5
2025-02-01,48426,2025,2,51609.0,40773.0,53699.0,52238.0,48612.0,48693.666666666664,50919.0,50412.083333333336,10163.0,17761.0,13293.0,18165.0,1485.0,1053.0,162.6,186.1,189.4,7.6
2025-03-01,53142,2025,3,48426.0,51609.0,40773.0,49458.0,48339.0,46936.0,50283.666666666664,50396.583333333336,10135.0,17702.0,13258.0,18116.0,1428.0,1064.0,164.6,190.8,189.8,7.4
2025-04-01,55425,2025,4,53142.0,48426.0,51609.0,57737.0,51279.0,51059.0,50897.666666666664,50796.833333333336,10148.0,17703.0,13361.0,18241.0,1424.0,1039.0,165.1,195.3,189.7,7.5
2025-05-01,55560,2025,5,55425.0,53142.0,48426.0,53699.0,54405.0,52331.0,50512.333333333336,51142.333333333336,10222.0,17805.0,13802.0,18853.0,1392.0,1039.0,164.8,196.3,189.3,7.8
2025-06-01,55816,2025,6,55560.0,55425.0,53142.0,40773.0,48786.0,54709.0,50822.5,51238.583333333336,10447.0,18231.0,13433.0,18399.0,1393.0,1049.0,165.9,197.5,189.1,7.9
2025-07-01,57442,2025,7,55816.0,55560.0,55425.0,51609.0,48010.0,55600.333333333336,53329.666666666664,51824.416666666664,10527.0,18279.0,13303.0,18146.0,1420.0,1074.0,166.0,198.1,189.3,7.8
2025-08-01,52818,2025,8,57442.0,55816.0,55560.0,48426.0,52238.0,56272.666666666664,54301.833333333336,52610.416666666664,10690.0,18599.0,13463.0,18392.0,1316.0,1053.0,166.5,199.3,189.9,7.8
2025-09-01,53545,2025,9,52818.0,57442.0,55816.0,53142.0,49458.0,55358.666666666664,55033.833333333336,52658.75,10779.0,18631.0,13398.0,18309.0,1324.0,1049.0,166.0,199.3,189.6,7.7
2025-10-01,60473,2025,10,53545.0,52818.0,57442.0,55425.0,57737.0,54601.666666666664,55101.0,52999.333333333336,10702.0,18454.0,13426.0,18349.0,1388.0,1037.0,166.1,199.9,189.5,7.9
2025-11-01,55296,2025,11,60473.0,53545.0,52818.0,55560.0,53699.0,55612.0,55942.333333333336,53227.333333333336,10731.0,18468.0,13503.0,18449.0,1419.0,1049.0,166.4,199.5,189.9,7.6
2025-12-01,53924,2025,12,55296.0,60473.0,53545.0,55816.0,40773.0,56438.0,55898.333333333336,53360.416666666664,10737.0,18412.0,13347.0,18144.0,1434.0,1000.0,166.6,201.9,190.2,7.4
2026-01-01,51231,2026,1,53924.0,55296.0,60473.0,57442.0,51609.0,56564.333333333336,55583.0,54456.333333333336,10665.0,18375.0,13481.0,18387.0,1408.0,1012.0,166.1,202.4,190.0,7.9
2026-02-01,53193,2026,2,51231.0,53924.0,55296.0,52818.0,48426.0,53483.666666666664,54547.833333333336,54424.833333333336,10884.0,18742.0,13410.0,18236.0,1448.0,1031.0,165.9,203.5,189.6,7.3
2026-03-01,59298,2026,3,53193.0,51231.0,53924.0,53545.0,53142.0,52782.666666666664,54610.333333333336,54822.083333333336,10805.0,18604.0,13473.0,18295.0,1431.0,1014.0,166.7,203.4,189.3,7.6
2026-04-01,60647,2026,4,59298.0,53193.0,51231.0,60473.0,55425.0,54574.0,55569.166666666664,55335.083333333336,10925.0,18735.0,13594.0,18487.0,1490.0,1039.0,168.2,204.4,189.9,7.6
2026-05-01,55440,2026,5,60647.0,59298.0,53193.0,55296.0,55560.0,57712.666666666664,55598.166666666664,55770.25,10839.0,18702.0,13672.0,18585.0,1540.0,1059.0,168.8,203.8,189.6,7.5
2026-06-01,57409,2026,6,55440.0,60647.0,59298.0,53924.0,55816.0,58461.666666666664,55622.166666666664,55760.25,10827.0,18708.0,13689.0,18552.0,1543.0,1046.0,170.2,206.0,189.4,7.0
