month,total_people_served,year,month_num,total_people_served_lag1,total_people_served_lag2,total_people_served_lag3,total_people_served_lag6,total_people_served_lag12,total_people_served_rollingavg3,total_people_served_rollingavg6,total_people_served_rollingavg12,ow_cases_official_lag1,ow_beneficiaries_lag1,odsp_cases_official_lag1,odsp_beneficiaries_lag1,total_homeless_lag1,total_chronic_homeless_lag1,cpi_all_items_lag1,cpi_food_lag1,cpi_shelter_lag1,unemployment_rate_lag1,time_index,log_total_people_served
2019-02-01,15168,2019,2,17755.0,14797.0,20868.0,17136.0,15284.0,17806.666666666668,17078.666666666668,16431.0,9137.0,17353.0,12724.0,17491.0,754.0,293.0,135.2,151.6,145.0,5.6,0,9.626943224494804
2019-03-01,17519,2019,3,15168.0,17755.0,14797.0,14976.0,16676.0,15906.666666666666,16750.666666666668,16421.333333333332,9173.0,17440.0,12728.0,17528.0,725.0,298.0,136.0,151.9,145.5,5.6,1,9.771041285235823
2019-04-01,16438,2019,4,17519.0,15168.0,17755.0,16940.0,15171.0,16814.0,17174.5,16491.583333333332,9063.0,17176.0,12783.0,17615.0,738.0,302.0,137.0,151.9,145.8,5.9,2,9.707351006708445
2019-05-01,19111,2019,5,16438.0,17519.0,15168.0,20868.0,16933.0,16375.0,17090.833333333332,16597.166666666668,9133.0,17353.0,12742.0,17578.0,764.0,327.0,137.4,151.8,146.5,5.9,3,9.858019364488982
2019-06-01,16486,2019,6,19111.0,16438.0,17519.0,14797.0,15122.0,17689.333333333332,16798.0,16778.666666666668,9255.0,17641.0,12800.0,17646.0,758.0,363.0,138.1,152.7,146.6,5.2,4,9.710266814873172
2019-07-01,17855,2019,7,16486.0,19111.0,16438.0,17755.0,15514.0,17345.0,17079.5,16892.333333333332,9243.0,17637.0,12680.0,17461.0,697.0,366.0,138.0,153.7,146.8,5.3,5,9.790038860028549
2019-08-01,18604,2019,8,17855.0,16486.0,19111.0,15168.0,17136.0,17817.333333333332,17096.166666666668,17087.416666666668,9157.0,17522.0,12858.0,17753.0,693.0,368.0,138.8,153.8,147.3,5.7,6,9.831131890343988
2019-09-01,17364,2019,9,18604.0,17855.0,16486.0,17519.0,14976.0,17648.333333333332,17668.833333333332,17209.75,9232.0,17665.0,13039.0,18005.0,718.0,353.0,138.5,153.3,147.4,5.6,7,9.762154376419485
2019-10-01,19534,2019,10,17364.0,18604.0,17855.0,16438.0,16940.0,17941.0,17643.0,17408.75,9088.0,17512.0,12825.0,17678.0,697.0,332.0,137.5,151.9,147.3,5.5,8,9.879911816007422
2019-11-01,21844,2019,11,19534.0,17364.0,18604.0,19111.0,20868.0,18500.666666666668,18159.0,17624.916666666668,9006.0,17345.0,12976.0,17928.0,694.0,359.0,137.9,151.4,148.3,5.5,9,9.991681563272044
2019-12-01,15984,2019,12,21844.0,19534.0,17364.0,16486.0,14797.0,19580.666666666668,18614.5,17706.25,9081.0,17482.0,12907.0,17793.0,749.0,371.0,137.7,152.6,148.6,5.5,10,9.679343500888335
2020-01-01,20383,2020,1,15984.0,21844.0,19534.0,17855.0,17755.0,19120.666666666668,18530.833333333332,17805.166666666668,9094.0,17393.0,12882.0,17748.0,856.0,383.0,137.8,154.2,148.9,5.2,11,9.922456499083731
2020-02-01,18625,2020,2,20383.0,15984.0,21844.0,18604.0,15168.0,19403.666666666668,18952.166666666668,18024.166666666668,9340.0,17874.0,12930.0,17819.0,827.0,406.0,138.0,155.3,149.0,5.2,12,9.83226004324776
2020-03-01,18364,2020,3,18625.0,20383.0,15984.0,17364.0,17519.0,18330.666666666668,18955.666666666668,18312.25,9335.0,17787.0,12888.0,17750.0,845.0,427.0,138.7,154.4,149.3,5.6,13,9.818147505369113
2020-04-01,22081,2020,4,18364.0,18625.0,20383.0,19534.0,16438.0,19124.0,19122.333333333332,18382.666666666668,9457.0,17873.0,13014.0,17976.0,895.0,460.0,137.9,154.5,149.3,8.5,14,10.00247278922055
2020-05-01,21855,2020,5,22081.0,18364.0,18625.0,21844.0,19111.0,19690.0,19546.833333333332,18852.916666666668,9786.0,18502.0,13035.0,17985.0,852.0,469.0,137.3,156.4,148.4,12.1,15,9.992185007297415
2020-06-01,22282,2020,6,21855.0,22081.0,18364.0,15984.0,16486.0,20766.666666666668,19548.666666666668,19081.583333333332,9281.0,17723.0,12913.0,17820.0,822.0,492.0,137.5,156.1,148.0,14.2,16,10.011534456619263
2020-07-01,21884,2020,7,22282.0,21855.0,22081.0,20383.0,17855.0,22072.666666666668,20598.333333333332,19564.583333333332,8914.0,17084.0,12914.0,17825.0,784.0,484.0,138.6,156.6,149.7,12.6,17,9.993511055183717
2020-08-01,20010,2020,8,21884.0,22282.0,21855.0,18625.0,18604.0,22007.0,20848.5,19900.333333333332,8765.0,16955.0,12925.0,17854.0,775.0,484.0,138.8,157.0,149.5,11.4,18,9.903987427577778
2020-09-01,23378,2020,9,20010.0,21884.0,22282.0,18364.0,17364.0,21392.0,21079.333333333332,20017.5,8520.0,16600.0,12822.0,17707.0,746.0,482.0,138.6,155.9,150.2,10.4,19,10.059550688167716
2020-10-01,25393,2020,10,23378.0,20010.0,21884.0,22081.0,19534.0,21757.333333333332,21915.0,20518.666666666668,8215.0,16108.0,12908.0,17861.0,744.0,498.0,138.3,154.6,150.5,9.6,20,10.142228824473392
2020-11-01,24984,2020,11,25393.0,23378.0,20010.0,21855.0,21844.0,22927.0,22467.0,21006.916666666668,8243.0,16272.0,12869.0,17834.0,819.0,518.0,138.9,155.0,152.2,9.4,21,10.125990898962915
2020-12-01,22750,2020,12,24984.0,25393.0,23378.0,22282.0,15984.0,24585.0,22988.5,21268.583333333332,8148.0,16093.0,12743.0,17619.0,808.0,497.0,139.0,155.3,152.4,9.0,22,10.032320424379096
2021-01-01,23743,2021,1,22750.0,24984.0,25393.0,21884.0,20383.0,24375.666666666668,23066.5,21832.416666666668,7990.0,15704.0,12829.0,17773.0,840.0,512.0,138.8,155.2,152.3,9.9,23,10.075043029177243
2021-02-01,25061,2021,2,23743.0,22750.0,24984.0,20010.0,18625.0,23825.666666666668,23376.333333333332,22112.416666666668,7996.0,15690.0,12703.0,17517.0,887.0,527.0,139.5,157.1,151.1,10.2,24,10.129068131883756
2021-03-01,30229,2021,3,25061.0,23743.0,22750.0,23378.0,18364.0,23851.333333333332,24218.166666666668,22648.75,7803.0,15304.0,12847.0,17748.0,832.0,528.0,140.2,157.1,151.9,9.5,25,10.316557007504228
2021-04-01,27723,2021,4,30229.0,25061.0,23743.0,25393.0,22081.0,26344.333333333332,25360.0,23637.5,7815.0,15363.0,12850.0,17754.0,819.0,521.0,141.0,157.6,153.5,7.8,26,10.23001767255615
2021-05-01,26961,2021,5,27723.0,30229.0,25061.0,24984.0,21855.0,27671.0,25748.333333333332,24107.666666666668,7588.0,14919.0,12838.0,17729.0,823.0,548.0,141.8,157.2,154.6,9.4,27,10.202146656326484
2021-06-01,28912,2021,6,26961.0,27723.0,30229.0,22750.0,22282.0,28304.333333333332,26077.833333333332,24533.166666666668,7466.0,14627.0,12738.0,17568.0,835.0,558.0,142.6,158.1,155.7,9.4,28,10.27201201283201
2021-07-01,28025,2021,7,28912.0,26961.0,27723.0,23743.0,21884.0,27865.333333333332,27104.833333333332,25085.666666666668,7302.0,14245.0,12854.0,17746.0,836.0,562.0,143.1,158.1,156.9,8.8,29,10.24085224794036
2021-08-01,30224,2021,8,28025.0,28912.0,26961.0,25061.0,20010.0,27966.0,27818.5,25597.416666666668,7239.0,14162.0,12817.0,17659.0,835.0,583.0,143.7,159.2,157.2,7.9,30,10.316391589741292
2021-09-01,31899,2021,9,30224.0,28025.0,28912.0,30229.0,23378.0,29053.666666666668,28679.0,26448.583333333332,7224.0,14110.0,12731.0,17538.0,885.0,582.0,144.1,160.0,157.4,7.7,31,10.370329940319197
2021-10-01,29641,2021,10,31899.0,30224.0,28025.0,27723.0,25393.0,30049.333333333332,28957.333333333332,27158.666666666668,7073.0,13783.0,12823.0,17692.0,922.0,606.0,144.4,160.3,158.4,7.4,32,10.296913817032536
2021-11-01,29315,2021,11,29641.0,31899.0,30224.0,26961.0,24984.0,30588.0,29277.0,27512.666666666668,7192.0,13926.0,12800.0,17622.0,932.0,587.0,145.7,160.6,159.8,6.7,33,10.285854609398315
2021-12-01,26427,2021,12,29315.0,29641.0,31899.0,28912.0,22750.0,30285.0,29669.333333333332,27873.583333333332,7369.0,14058.0,12756.0,17551.0,967.0,595.0,146.0,162.8,160.5,6.5,34,10.182141493777905
2022-01-01,21413,2022,1,26427.0,29315.0,29641.0,28025.0,23743.0,28461.0,29255.166666666668,28180.0,7623.0,14500.0,12836.0,17629.0,1050.0,629.0,146.0,164.1,161.5,6.3,35,9.971753493206217
2022-02-01,24719,2022,2,21413.0,26427.0,29315.0,30224.0,25061.0,25718.333333333332,28153.166666666668,27985.833333333332,7760.0,14713.0,12648.0,17375.0,1046.0,635.0,147.4,166.7,161.8,7.4,36,10.115327457678946
2022-03-01,31052,2022,3,24719.0,21413.0,26427.0,31899.0,30229.0,24186.333333333332,27235.666666666668,27957.333333333332,7758.0,14574.0,12825.0,17619.0,1052.0,642.0,148.8,168.8,162.8,5.7,37,10.34341849752557
2022-04-01,27436,2022,4,31052.0,24719.0,21413.0,29641.0,27723.0,25728.0,27094.5,28025.916666666668,7951.0,14843.0,12844.0,17652.0,1077.0,671.0,150.8,170.5,164.8,5.4,38,10.219611298619212
2022-05-01,29218,2022,5,27436.0,31052.0,24719.0,29315.0,26961.0,27735.666666666668,26727.0,28002.0,7894.0,14752.0,12813.0,17580.0,1108.0,681.0,151.6,171.6,166.4,5.6,39,10.282540236692459
2022-06-01,33199,2022,6,29218.0,27436.0,31052.0,26427.0,28912.0,29235.333333333332,26710.833333333332,28190.083333333332,7898.0,14754.0,12785.0,17552.0,1096.0,669.0,153.7,173.4,167.2,5.4,40,10.410275033969022
2022-07-01,30405,2022,7,33199.0,29218.0,27436.0,21413.0,28025.0,29951.0,27839.5,28547.333333333332,7985.0,14954.0,12852.0,17664.0,1145.0,657.0,154.4,173.2,167.4,5.1,41,10.32236234755421
2022-08-01,33811,2022,8,30405.0,33199.0,29218.0,24719.0,30224.0,30940.666666666668,29338.166666666668,28745.666666666668,7981.0,15004.0,12707.0,17416.0,1149.0,662.0,154.6,174.6,168.8,5.1,42,10.42854147231275
2022-09-01,34266,2022,9,33811.0,30405.0,33199.0,31052.0,31899.0,32471.666666666668,30853.5,29044.583333333332,7961.0,14945.0,12798.0,17595.0,1202.0,658.0,154.1,175.9,168.6,5.4,43,10.441908887892918
2022-10-01,33128,2022,10,34266.0,33811.0,30405.0,27436.0,29641.0,32827.333333333336,31389.166666666668,29241.833333333332,8028.0,15058.0,12792.0,17576.0,1183.0,658.0,154.1,176.9,169.4,5.5,44,10.408134125225404
2022-11-01,37554,2022,11,33128.0,34266.0,33811.0,29218.0,29315.0,33735.0,32337.833333333332,29532.416666666668,7908.0,14835.0,12647.0,17325.0,1171.0,653.0,155.2,176.4,170.7,5.5,45,10.533535176152757
2022-12-01,33209,2022,12,37554.0,33128.0,34266.0,33199.0,26427.0,34982.666666666664,33727.166666666664,30219.0,7897.0,14746.0,12763.0,17503.0,1149.0,670.0,155.4,178.8,171.6,5.6,46,10.41057620250521
2023-01-01,34802,2023,1,33209.0,37554.0,33128.0,30405.0,21413.0,34630.333333333336,33728.833333333336,30784.166666666668,8001.0,14889.0,12772.0,17557.0,1200.0,719.0,154.8,180.4,172.0,5.3,47,10.457430135375523
2023-02-01,36525,2023,2,34802.0,33209.0,37554.0,33811.0,24719.0,35188.333333333336,34461.666666666664,31899.916666666668,8126.0,15037.0,12579.0,17262.0,1216.0,744.0,155.7,183.5,172.8,5.3,48,10.5057522366189
2023-03-01,43131,2023,3,36525.0,34802.0,33209.0,34266.0,31052.0,34845.333333333336,34914.0,32883.75,8133.0,15026.0,12738.0,17511.0,1173.0,756.0,156.4,184.6,173.1,5.2,49,10.671997275090702
2023-04-01,38065,2023,4,43131.0,36525.0,34802.0,33128.0,27436.0,38152.666666666664,36391.5,33890.333333333336,8288.0,15286.0,12763.0,17517.0,1256.0,825.0,157.3,185.2,173.8,5.3,50,10.547050503740312
2023-05-01,44803,2023,5,38065.0,43131.0,36525.0,37554.0,29218.0,39240.333333333336,37214.333333333336,34776.083333333336,8285.0,15275.0,12681.0,17378.0,1245.0,830.0,157.9,185.3,174.0,5.0,51,10.710030380446783
2023-06-01,44020,2023,6,44803.0,38065.0,43131.0,33209.0,33199.0,41999.666666666664,38422.5,36074.833333333336,8374.0,15299.0,12843.0,17632.0,1276.0,835.0,158.5,187.0,174.6,5.5,52,10.692399355080452
2023-07-01,36637,2023,7,44020.0,44803.0,38065.0,34802.0,30405.0,42296.0,40224.333333333336,36976.583333333336,8451.0,15475.0,12855.0,17651.0,1335.0,868.0,158.4,186.5,175.4,5.6,53,10.508813937706645
2023-08-01,47222,2023,8,36637.0,44020.0,44803.0,36525.0,33811.0,41820.0,40530.166666666664,37495.916666666664,8521.0,15568.0,12736.0,17439.0,1393.0,877.0,159.6,187.2,176.3,5.6,54,10.762615164676909
2023-09-01,42819,2023,9,47222.0,36637.0,44020.0,43131.0,34266.0,42626.333333333336,42313.0,38613.5,8512.0,15475.0,12886.0,17698.0,1463.0,896.0,159.9,187.0,177.2,5.8,55,10.664737208297877
2023-10-01,46159,2023,10,42819.0,47222.0,36637.0,38065.0,33128.0,42226.0,42261.0,39326.25,8577.0,15549.0,12854.0,17578.0,1530.0,921.0,159.7,186.7,177.7,5.8,56,10.739847237169155
2023-11-01,49783,2023,11,46159.0,42819.0,47222.0,44803.0,37554.0,45400.0,43610.0,40412.166666666664,8529.0,15365.0,12891.0,17621.0,1574.0,957.0,160.3,186.5,179.8,6.2,57,10.815428839272444
2023-12-01,39378,2023,12,49783.0,46159.0,42819.0,44020.0,33209.0,46253.666666666664,44440.0,41431.25,8708.0,15541.0,12961.0,17704.0,1557.0,971.0,160.6,187.9,180.2,6.1,58,10.580962563701778
2024-01-01,45630,2024,1,39378.0,49783.0,46159.0,36637.0,34802.0,45106.666666666664,43666.333333333336,41945.333333333336,8794.0,15707.0,12946.0,17647.0,1510.0,971.0,160.0,187.8,181.3,6.2,59,10.728320673921449
2024-02-01,48612,2024,2,45630.0,39378.0,49783.0,47222.0,36525.0,44930.333333333336,45165.166666666664,42847.666666666664,8940.0,15880.0,12882.0,17567.0,1483.0,977.0,159.9,189.5,181.8,6.1,60,10.79162569299069
2024-03-01,48339,2024,3,48612.0,45630.0,39378.0,42819.0,43131.0,44540.0,45396.833333333336,43854.916666666664,9080.0,16077.0,13012.0,17774.0,1483.0,995.0,160.2,189.3,182.5,6.6,61,10.785993967241678
2024-04-01,51279,2024,4,48339.0,48612.0,45630.0,46159.0,38065.0,47527.0,46316.833333333336,44288.916666666664,9084.0,16068.0,12974.0,17733.0,1481.0,983.0,161.4,189.4,183.4,6.8,62,10.845036590624378
2024-05-01,54405,2024,5,51279.0,48339.0,48612.0,49783.0,44803.0,49410.0,47170.166666666664,45390.083333333336,9159.0,16149.0,13002.0,17779.0,1462.0,960.0,162.2,189.2,183.7,6.8,63,10.904211340385112
2024-06-01,48786,2024,6,54405.0,51279.0,48339.0,39378.0,44020.0,51341.0,47940.5,46190.25,9283.0,16413.0,13146.0,18009.0,1437.0,989.0,163.2,190.7,185.2,6.7,64,10.795198665435892
2024-07-01,48010,2024,7,48786.0,54405.0,51279.0,45630.0,36637.0,51490.0,49508.5,46587.416666666664,9418.0,16655.0,13029.0,17816.0,1434.0,997.0,163.1,192.3,185.5,7.0,65,10.779164601524986
2024-08-01,52238,2024,8,48010.0,48786.0,54405.0,48612.0,47222.0,50400.333333333336,49905.166666666664,47535.166666666664,9523.0,16822.0,12645.0,17355.0,1428.0,985.0,163.9,192.7,185.9,6.8,66,10.863565478378225
2024-09-01,49458,2024,9,52238.0,48010.0,48786.0,48339.0,42819.0,49678.0,50509.5,47953.166666666664,9823.0,17378.0,13219.0,18109.0,1463.0,998.0,163.3,192.4,186.4,7.2,67,10.808879103541283
2024-10-01,57737,2024,10,49458.0,52238.0,48010.0,51279.0,46159.0,49902.0,50696.0,48506.416666666664,9822.0,17310.0,13152.0,17999.0,1498.0,1003.0,162.8,192.5,186.6,7.0,68,10.963653494818272
2024-11-01,53699,2024,11,57737.0,49458.0,52238.0,54405.0,49783.0,53144.333333333336,51772.333333333336,49471.25,9880.0,17351.0,13256.0,18161.0,1478.0,1024.0,163.5,193.1,187.7,7.1,69,10.891149658349637
2024-12-01,40773,2024,12,53699.0,57737.0,49458.0,48786.0,39378.0,53631.333333333336,51654.666666666664,49797.583333333336,9968.0,17512.0,13248.0,18115.0,1485.0,1034.0,163.5,193.9,188.1,7.8,70,10.615775376623457
2025-01-01,51609,2025,1,40773.0,53699.0,57737.0,48010.0,45630.0,50736.333333333336,50319.166666666664,49913.833333333336,9926.0,17403.0,13249.0,18086.0,1478.0,1035.0,162.7,188.3,188.8,7.5,71,10.85145135486515
2025-02-01,48426,2025,2,51609.0,40773.0,53699.0,52238.0,48612.0,48693.666666666664,50919.0,50412.083333333336,10163.0,17761.0,13293.0,18165.0,1485.0,1053.0,162.6,186.1,189.4,7.6,72,10.787792138552428
2025-03-01,53142,2025,3,48426.0,51609.0,40773.0,49458.0,48339.0,46936.0,50283.666666666664,50396.583333333336,10135.0,17702.0,13258.0,18116.0,1428.0,1064.0,164.6,190.8,189.8,7.4,73,10.880722855037638
2025-04-01,55425,2025,4,53142.0,48426.0,51609.0,57737.0,51279.0,51059.0,50897.666666666664,50796.833333333336,10148.0,17703.0,13361.0,18241.0,1424.0,1039.0,165.1,195.3,189.7,7.5,74,10.922786034484512
2025-05-01,55560,2025,5,55425.0,53142.0,48426.0,53699.0,54405.0,52331.0,50512.333333333336,51142.333333333336,10222.0,17805.0,13802.0,18853.0,1392.0,1039.0,164.8,196.3,189.3,7.8,75,10.92521879686828
2025-06-01,55816,2025,6,55560.0,55425.0,53142.0,40773.0,48786.0,54709.0,50822.5,51238.583333333336,10447.0,18231.0,13433.0,18399.0,1393.0,1049.0,165.9,197.5,189.1,7.9,76,10.929815845619073
2025-07-01,57442,2025,7,55816.0,55560.0,55425.0,51609.0,48010.0,55600.333333333336,53329.666666666664,51824.416666666664,10527.0,18279.0,13303.0,18146.0,1420.0,1074.0,166.0,198.1,189.3,7.8,77,10.958531022057445
2025-08-01,52818,2025,8,57442.0,55816.0,55560.0,48426.0,52238.0,56272.666666666664,54301.833333333336,52610.416666666664,10690.0,18599.0,13463.0,18392.0,1316.0,1053.0,166.5,199.3,189.9,7.8,78,10.87460732068896
2025-09-01,53545,2025,9,52818.0,57442.0,55816.0,53142.0,49458.0,55358.666666666664,55033.833333333336,52658.75,10779.0,18631.0,13398.0,18309.0,1324.0,1049.0,166.0,199.3,189.6,7.7,79,10.888277700834976
2025-10-01,60473,2025,10,53545.0,52818.0,57442.0,55425.0,57737.0,54601.666666666664,55101.0,52999.333333333336,10702.0,18454.0,13426.0,18349.0,1388.0,1037.0,166.1,199.9,189.5,7.9,80,11.009952263414197
2025-11-01,55296,2025,11,60473.0,53545.0,52818.0,55560.0,53699.0,55612.0,55942.333333333336,53227.333333333336,10731.0,18468.0,13503.0,18449.0,1419.0,1049.0,166.4,199.5,189.9,7.6,81,10.920455852163727
2025-12-01,53924,2025,12,55296.0,60473.0,53545.0,55816.0,40773.0,56438.0,55898.333333333336,53360.416666666664,10737.0,18412.0,13347.0,18144.0,1434.0,1000.0,166.6,201.9,190.2,7.4,82,10.895330926810955
2026-01-01,51231,2026,1,53924.0,55296.0,60473.0,57442.0,51609.0,56564.333333333336,55583.0,54456.333333333336,10665.0,18375.0,13481.0,18387.0,1408.0,1012.0,166.1,202.4,190.0,7.9,83,10.84410009655535
2026-02-01,53193,2026,2,51231.0,53924.0,55296.0,52818.0,48426.0,53483.666666666664,54547.833333333336,54424.833333333336,10884.0,18742.0,13410.0,18236.0,1448.0,1031.0,165.9,203.5,189.6,7.3,84,10.881682087725098
2026-03-01,59298,2026,3,53193.0,51231.0,53924.0,53545.0,53142.0,52782.666666666664,54610.333333333336,54822.083333333336,10805.0,18604.0,13473.0,18295.0,1431.0,1014.0,166.7,203.4,189.3,7.6,85,10.990330857604238
2026-04-01,60647,2026,4,59298.0,53193.0,51231.0,60473.0,55425.0,54574.0,55569.166666666664,55335.083333333336,10925.0,18735.0,13594.0,18487.0,1490.0,1039.0,168.2,204.4,189.9,7.6,86,11.012825449010306
2026-05-01,55440,2026,5,60647.0,59298.0,53193.0,55296.0,55560.0,57712.666666666664,55598.166666666664,55770.25,10839.0,18702.0,13672.0,18585.0,1540.0,1059.0,168.8,203.8,189.6,7.5,87,10.923056633863785
2026-06-01,57409,2026,6,55440.0,60647.0,59298.0,53924.0,55816.0,58461.666666666664,55622.166666666664,55760.25,10827.0,18708.0,13689.0,18552.0,1543.0,1046.0,170.2,206.0,189.4,7.0,88,10.957956364441785
