month,category,active_homeless,move_ins,moved_to_inactive,newly_identified,returned_inactive,returned_housing,aged_in_chronic
2026-01-01,Total,1448.0,57.0,32.0,84.0,41.0,22.0,2.0
2026-01-01,Youth,90.0,4.0,2.0,10.0,5.0,2.0,0.0
2026-01-01,Single Adults,1304.0,27.0,29.0,79.0,32.0,13.0,2.0
2026-01-01,Families,65.0,12.0,3.0,4.0,2.0,4.0,0.0
2026-01-01,Indigenous,160.0,8.0,1.0,4.0,2.0,2.0,0.0
2026-01-01,Homeless Asylum Seekers,62.0,,,5.0,1.0,6.0,5.0
2026-01-01,Seniors,68.0,0.0,4.0,4.0,0.0,1.0,0.0
2026-01-01,Veteran,18.0,1.0,0.0,1.0,2.0,0.0,0.0
2026-01-01,Veteran Chronic,14.0,1.0,0.0,0.0,1.0,0.0,0.0
2026-01-01,Unsheltered,486.0,3.0,8.0,16.0,18.0,3.0,0.0
2026-02-01,Total,1431.0,50.0,12.0,66.0,20.0,14.0,3.0
2026-02-01,Youth,94.0,5.0,0.0,12.0,3.0,4.0,1.0
2026-02-01,Single Adults,1284.0,25.0,10.0,63.0,19.0,11.0,3.0
2026-02-01,Families,63.0,8.0,2.0,1.0,0.0,1.0,0.0
2026-02-01,Indigenous,163.0,2.0,1.0,5.0,2.0,1.0,1.0
2026-02-01,Homeless Asylum Seekers,61.0,,,1.0,0.0,7.0,3.0
2026-02-01,Seniors,68.0,2.0,1.0,5.0,1.0,0.0,0.0
2026-02-01,Veteran,17.0,0.0,1.0,2.0,2.0,0.0,0.0
2026-02-01,Veteran Chronic,11.0,0.0,1.0,0.0,2.0,0.0,0.0
2026-02-01,Unsheltered,470.0,2.0,7.0,10.0,5.0,4.0,1.0
2026-03-01,Total,1490.0,44.0,22.0,87.0,34.0,22.0,7.0
2026-03-01,Youth,93.0,2.0,0.0,12.0,4.0,2.0,0.0
2026-03-01,Single Adults,1343.0,36.0,22.0,75.0,33.0,18.0,6.0
2026-03-01,Families,65.0,4.0,0.0,3.0,1.0,3.0,1.0
2026-03-01,Indigenous,179.0,4.0,1.0,10.0,7.0,2.0,0.0
2026-03-01,Homeless Asylum Seekers,58.0,,,3.0,0.0,10.0,5.0
2026-03-01,Seniors,68.0,0.0,3.0,5.0,2.0,1.0,1.0
2026-03-01,Veteran,20.0,1.0,0.0,1.0,0.0,0.0,0.0
2026-03-01,Veteran Chronic,13.0,0.0,0.0,0.0,1.0,0.0,0.0
2026-03-01,Unsheltered,504.0,3.0,6.0,23.0,18.0,7.0,1.0
2026-04-01,Total,1540.0,62.0,18.0,78.0,32.0,20.0,
2026-04-01,Youth,111.0,7.0,3.0,17.0,6.0,4.0,
2026-04-01,Single Adults,1357.0,35.0,11.0,64.0,28.0,18.0,
2026-04-01,Families,77.0,10.0,1.0,4.0,2.0,1.0,
2026-04-01,Indigenous,180.0,6.0,2.0,7.0,4.0,3.0,
2026-04-01,Homeless Asylum Seekers,61.0,,,3.0,0.0,10.0,
2026-04-01,Seniors,70.0,2.0,0.0,2.0,0.0,1.0,
2026-04-01,Veteran,20.0,3.0,0.0,0.0,1.0,0.0,
2026-04-01,Veteran Chronic,14.0,0.0,0.0,0.0,0.0,2.0,
2026-04-01,Unsheltered,520.0,7.0,4.0,14.0,11.0,9.0,
2026-05-01,Total,1543.0,57.0,28.0,79.0,28.0,10.0,
2026-05-01,Youth,110.0,12.0,3.0,12.0,3.0,2.0,
2026-05-01,Single Adults,1377.0,40.0,24.0,67.0,25.0,10.0,
2026-05-01,Families,65.0,7.0,2.0,4.0,1.0,0.0,
2026-05-01,Indigenous,182.0,6.0,6.0,2.0,2.0,0.0,
2026-05-01,Homeless Asylum Seekers,57.0,,,1.0,1.0,8.0,
2026-05-01,Seniors,78.0,3.0,3.0,7.0,1.0,1.0,
2026-05-01,Veteran,18.0,0.0,2.0,2.0,0.0,0.0,
2026-05-01,Veteran Chronic,14.0,0.0,1.0,1.0,0.0,0.0,
2026-05-01,Unsheltered,503.0,2.0,9.0,17.0,12.0,3.0,
2026-06-01,Total,1552.0,64.0,23.0,89.0,29.0,13.0,
2026-06-01,Youth,104.0,4.0,0.0,14.0,3.0,1.0,
2026-06-01,Single Adults,1402.0,37.0,20.0,80.0,28.0,11.0,
2026-06-01,Families,61.0,10.0,2.0,2.0,1.0,1.0,
2026-06-01,Indigenous,174.0,4.0,2.0,4.0,1.0,0.0,
2026-06-01,Seniors,76.0,3.0,1.0,8.0,3.0,0.0,
2026-06-01,Veteran,13.0,1.0,0.0,0.0,0.0,0.0,
2026-06-01,Veteran Chronic,10.0,1.0,0.0,0.0,0.0,0.0,
2026-06-01,Unsheltered,516.0,5.0,11.0,19.0,12.0,2.0,
2025-12-01,Total,1408.0,64.0,36.0,63.0,19.0,13.0,8.0
2025-12-01,Youth,90.0,9.0,5.0,5.0,1.0,0.0,1.0
2025-12-01,Single Adults,1274.0,32.0,36.0,58.0,18.0,12.0,7.0
2025-12-01,Families,59.0,12.0,0.0,1.0,1.0,1.0,1.0
2025-12-01,Indigenous,154.0,8.0,3.0,6.0,2.0,0.0,0.0
2025-12-01,Homeless Asylum Seekers,50.0,,,10.0,2.0,5.0,7.0
2025-12-01,Homeless Seniors,62.0,5.0,0.0,4.0,0.0,1.0,1.0
2025-12-01,Veteran,18.0,2.0,0.0,1.0,0.0,0.0,0.0
2025-12-01,Veteran Chronic,16.0,1.0,0.0,0.0,0.0,0.0,0.0
2025-12-01,Unsheltered,470.0,4.0,12.0,17.0,7.0,3.0,2.0
2025-11-01,Total,1434.0,53.0,48.0,67.0,20.0,16.0,6.0
2025-11-01,Youth,102.0,9.0,4.0,5.0,3.0,1.0,0.0
2025-11-01,Single Adults,1291.0,23.0,47.0,62.0,18.0,12.0,6.0
2025-11-01,Families,63.0,13.0,0.0,2.0,1.0,2.0,0.0
2025-11-01,Indigenous,155.0,2.0,4.0,7.0,4.0,2.0,0.0
2025-11-01,Homeless Asylum Seekers,,,,,,,
2025-11-01,Seniors,57.0,1.0,0.0,4.0,0.0,1.0,1.0
2025-11-01,Veteran,20.0,1.0,2.0,0.0,0.0,0.0,0.0
2025-11-01,Veteran Chronic,16.0,,,,,,
2025-11-01,Unsheltered,462.0,2.0,20.0,25.0,10.0,7.0,2.0
2025-10-01,Total,1419.0,56.0,14.0,95.0,17.0,19.0,3.0
2025-10-01,Youth,108.0,3.0,0.0,16.0,2.0,0.0,1.0
2025-10-01,Single Adults,1290.0,46.0,14.0,88.0,16.0,16.0,3.0
2025-10-01,Families,56.0,4.0,0.0,3.0,1.0,1.0,0.0
2025-10-01,Indigenous,144.0,6.0,0.0,6.0,0.0,1.0,0.0
2025-10-01,Homeless Asylum Seekers,,,,,,,
2025-10-01,Seniors,58.0,5.0,0.0,6.0,1.0,1.0,0.0
2025-10-01,Veteran,21.0,1.0,0.0,0.0,0.0,0.0,0.0
2025-10-01,Veteran Chronic,15.0,,,,,,
2025-10-01,Unsheltered,440.0,6.0,10.0,22.0,8.0,4.0,1.0
2025-09-01,Total,1388.0,50.0,12.0,88.0,26.0,15.0,5.0
2025-09-01,Youth,112.0,1.0,0.0,22.0,4.0,2.0,2.0
2025-09-01,Single Adults,1266.0,38.0,9.0,82.0,24.0,15.0,5.0
2025-09-01,Families,51.0,4.0,2.0,3.0,2.0,0.0,0.0
2025-09-01,Indigenous,136.0,3.0,0.0,11.0,2.0,0.0,0.0
2025-09-01,Homeless Asylum Seekers,,,,,,,
2025-09-01,Seniors,52.0,1.0,1.0,4.0,0.0,1.0,0.0
2025-09-01,Veteran,21.0,1.0,0.0,0.0,0.0,0.0,0.0
2025-09-01,Veteran Chronic,16.0,,,,,,
2025-09-01,Unsheltered,446.0,4.0,3.0,25.0,11.0,6.0,2.0
2025-08-01,Total,1324.0,48.0,16.0,90.0,20.0,27.0,5.0
2025-08-01,Youth,99.0,7.0,1.0,16.0,2.0,4.0,0.0
2025-08-01,Single Adults,1204.0,31.0,13.0,82.0,20.0,23.0,4.0
2025-08-01,Families,49.0,6.0,1.0,4.0,0.0,2.0,1.0
2025-08-01,Indigenous,126.0,2.0,5.0,5.0,1.0,3.0,0.0
2025-08-01,Homeless Asylum Seekers,,,,,,,
2025-08-01,Seniors,51.0,2.0,1.0,6.0,0.0,2.0,0.0
2025-08-01,Veteran,20.0,0.0,1.0,2.0,1.0,0.0,0.0
2025-08-01,Veteran Chronic,15.0,,,,,,
2025-08-01,Unsheltered,416.0,6.0,9.0,22.0,14.0,6.0,3.0
2025-07-01,Total,1316.0,61.0,25.0,76.0,19.0,23.0,9.0
2025-07-01,Youth,93.0,3.0,4.0,13.0,1.0,3.0,0.0
2025-07-01,Single Adults,1183.0,37.0,23.0,69.0,18.0,19.0,7.0
2025-07-01,Families,53.0,9.0,1.0,2.0,0.0,1.0,1.0
2025-07-01,Indigenous,125.0,5.0,2.0,1.0,0.0,3.0,0.0
2025-07-01,Homeless Asylum Seekers,,,,,,,
2025-07-01,Seniors,48.0,4.0,3.0,1.0,0.0,1.0,0.0
2025-07-01,Veteran,17.0,0.0,0.0,1.0,0.0,0.0,0.0
2025-07-01,Veteran Chronic,15.0,,,,,,
2025-07-01,Unsheltered,421.0,4.0,11.0,16.0,14.0,7.0,2.0
2025-06-01,Total,1420.0,66.0,46.0,93.0,25.0,28.0,33.0
2025-06-01,Youth,101.0,6.0,5.0,12.0,1.0,4.0,5.0
2025-06-01,Single Adults,1274.0,43.0,45.0,80.0,23.0,20.0,31.0
2025-06-01,Families,59.0,9.0,0.0,5.0,2.0,2.0,1.0
2025-06-01,Indigenous,168.0,5.0,6.0,5.0,4.0,2.0,3.0
2025-06-01,Homeless Asylum Seekers,,,,,,,
2025-06-01,Seniors,61.0,3.0,5.0,4.0,0.0,4.0,1.0
2025-06-01,Veteran,18.0,1.0,0.0,1.0,0.0,0.0,1.0
2025-06-01,Veteran Chronic,15.0,,,,,,
2025-06-01,Unsheltered,470.0,7.0,18.0,31.0,5.0,10.0,4.0
2025-05-01,Total,1393.0,74.0,29.0,83.0,37.0,24.0,26.0
2025-05-01,Youth,99.0,12.0,4.0,7.0,5.0,3.0,5.0
2025-05-01,Single Adults,1251.0,49.0,27.0,73.0,33.0,21.0,22.0
2025-05-01,Families,56.0,9.0,1.0,4.0,1.0,1.0,2.0
2025-05-01,Indigenous,167.0,5.0,2.0,3.0,6.0,5.0,2.0
2025-05-01,Homeless Asylum Seekers,,,,,,,
2025-05-01,Seniors,57.0,3.0,0.0,4.0,0.0,3.0,1.0
2025-05-01,Veteran,18.0,1.0,0.0,,0.0,0.0,
2025-05-01,Veteran Chronic,14.0,,,,,,
2025-05-01,Unsheltered,450.0,1.0,9.0,25.0,22.0,5.0,3.0
2025-04-01,Total,1392.0,98.0,46.0,76.0,24.0,22.0,26.0
2025-04-01,Youth,102.0,13.0,7.0,7.0,1.0,3.0,1.0
2025-04-01,Single Adults,1244.0,63.0,44.0,74.0,22.0,16.0,19.0
2025-04-01,Families,57.0,10.0,0.0,2.0,2.0,2.0,3.0
2025-04-01,Indigenous,160.0,12.0,4.0,1.0,1.0,3.0,2.0
2025-04-01,Homeless Asylum Seekers,,,,,,,
2025-04-01,Seniors,59.0,7.0,1.0,8.0,0.0,1.0,1.0
2025-04-01,Veteran,21.0,3.0,1.0,1.0,2.0,1.0,1.0
2025-04-01,Veteran Chronic,18.0,,,,,,
2025-04-01,Unsheltered,433.0,8.0,21.0,20.0,11.0,5.0,5.0
2025-03-01,Total,1424.0,96.0,37.0,81.0,26.0,22.0,18.0
2025-03-01,Youth,116.0,16.0,5.0,21.0,2.0,3.0,3.0
2025-03-01,Single Adults,1269.0,56.0,36.0,69.0,22.0,15.0,17.0
2025-03-01,Families,53.0,9.0,0.0,3.0,1.0,2.0,0.0
2025-03-01,Indigenous,165.0,9.0,1.0,6.0,6.0,3.0,4.0
2025-03-01,Homeless Asylum Seekers,,,,,,,
2025-03-01,Seniors,59.0,5.0,0.0,6.0,0.0,3.0,1.0
2025-03-01,Veteran,15.0,0.0,0.0,0.0,0.0,0.0,0.0
2025-03-01,Veteran Chronic,14.0,,,,,,
2025-03-01,Unsheltered,408.0,5.0,15.0,15.0,9.0,6.0,3.0
2025-02-01,Total,1428.0,62.0,43.0,66.0,24.0,17.0,31.0
2025-02-01,Youth,114.0,13.0,6.0,12.0,2.0,3.0,1.0
2025-02-01,Single Adults,1280.0,43.0,41.0,51.0,24.0,14.0,27.0
2025-02-01,Families,52.0,5.0,1.0,5.0,0.0,1.0,2.0
2025-02-01,Indigenous,159.0,0.0,4.0,5.0,2.0,0.0,4.0
2025-02-01,Homeless Asylum Seekers,,,,,,,
2025-02-01,Seniors,59.0,7.0,1.0,2.0,1.0,2.0,0.0
2025-02-01,Veteran,16.0,0.0,0.0,0.0,0.0,0.0,0.0
2025-02-01,Veteran Chronic,14.0,,,,,,
2025-02-01,Unsheltered,403.0,6.0,22.0,10.0,11.0,2.0,4.0
2025-01-01,Total,1485.0,81.0,47.0,85.0,33.0,20.0,19.0
2025-01-01,Youth,118.0,15.0,5.0,12.0,3.0,2.0,2.0
2025-01-01,Single Adults,1308.0,40.0,39.0,81.0,32.0,18.0,12.0
2025-01-01,Families,61.0,10.0,5.0,2.0,0.0,0.0,1.0
2025-01-01,Indigenous,174.0,12.0,2.0,6.0,4.0,4.0,0.0
2025-01-01,Homeless Asylum Seekers,,,,,,,
2025-01-01,Seniors,59.0,2.0,4.0,6.0,1.0,1.0,0.0
2025-01-01,Veteran,18.0,0.0,0.0,2.0,0.0,1.0,
2025-01-01,Veteran Chronic,12.0,,,,,,
2025-01-01,Unsheltered,432.0,8.0,17.0,21.0,16.0,2.0,3.0
2024-12-01,Total,1478.0,71.0,38.0,85.0,23.0,22.0,18.0
2024-12-01,Youth,121.0,8.0,5.0,12.0,4.0,3.0,2.0
2024-12-01,Single Adults,1290.0,35.0,36.0,74.0,22.0,18.0,17.0
2024-12-01,Families,68.0,12.0,2.0,2.0,0.0,1.0,1.0
2024-12-01,Indigenous,168.0,2.0,0.0,8.0,3.0,5.0,
2024-12-01,Homeless Asylum Seekers,,,,,,,
2024-12-01,Homeless Seniors,57.0,3.0,0.0,4.0,0.0,1.0,3.0
2024-12-01,Veteran,16.0,0.0,1.0,0.0,0.0,1.0,1.0
2024-12-01,Veteran Chronic,11.0,,,,,,
2024-12-01,Unsheltered,433.0,10.0,20.0,17.0,12.0,7.0,6.0
2024-11-01,Total,1485.0,72.0,37.0,129.0,31.0,17.0,40.0
2024-11-01,Youth,126.0,13.0,5.0,30.0,2.0,1.0,3.0
2024-11-01,Single Adults,1300.0,34.0,33.0,104.0,28.0,13.0,30.0
2024-11-01,Families,71.0,14.0,2.0,7.0,1.0,1.0,4.0
2024-11-01,Indigenous,168.0,5.0,6.0,10.0,5.0,2.0,8.0
2024-11-01,Homeless Asylum Seekers,,,,,,,
2024-11-01,Seniors,57.0,1.0,1.0,3.0,2.0,1.0,4.0
2024-11-01,Veteran,15.0,0.0,0.0,2.0,0.0,0.0,1.0
2024-11-01,Veteran Chronic,9.0,,,,,,
2024-11-01,Unsheltered,455.0,5.0,20.0,28.0,19.0,5.0,14.0
2024-10-01,Total,1478.0,72.0,45.0,108.0,32.0,24.0,29.0
2024-10-01,Youth,115.0,5.0,4.0,20.0,4.0,2.0,2.0
2024-10-01,Single Adults,1304.0,46.0,40.0,99.0,27.0,19.0,27.0
2024-10-01,Families,72.0,10.0,4.0,3.0,4.0,2.0,1.0
2024-10-01,Indigenous,180.0,9.0,5.0,4.0,2.0,1.0,1.0
2024-10-01,Homeless Asylum Seekers,,,,,,,
2024-10-01,Seniors,57.0,4.0,0.0,4.0,1.0,2.0,3.0
2024-10-01,Veteran,14.0,1.0,0.0,,0.0,0.0,0.0
2024-10-01,Veteran Chronic,8.0,,,,,,
2024-10-01,Unsheltered,485.0,14.0,20.0,30.0,19.0,11.0,8.0
2024-09-01,Total,1498.0,88.0,41.0,106.0,31.0,32.0,22.0
2024-09-01,Youth,119.0,14.0,5.0,15.0,3.0,3.0,6.0
2024-09-01,Single Adults,1289.0,46.0,37.0,94.0,30.0,30.0,17.0
2024-09-01,Families,77.0,11.0,3.0,1.0,1.0,1.0,2.0
2024-09-01,Indigenous,179.0,3.0,2.0,3.0,2.0,4.0,3.0
2024-09-01,Homeless Asylum Seekers,,,,,,,
2024-09-01,Seniors,55.0,2.0,1.0,4.0,1.0,2.0,1.0
2024-09-01,Veteran,16.0,0.0,0.0,1.0,1.0,2.0,0.0
2024-09-01,Veteran Chronic,8.0,,,,,,
2024-09-01,Unsheltered,470.0,9.0,16.0,27.0,20.0,10.0,8.0
2024-08-01,Total,1463.0,94.0,44.0,110.0,17.0,31.0,38.0
2024-08-01,Youth,113.0,8.0,3.0,9.0,2.0,5.0,5.0
2024-08-01,Single Adults,1264.0,51.0,41.0,102.0,16.0,31.0,33.0
2024-08-01,Families,78.0,13.0,1.0,2.0,1.0,0.0,3.0
2024-08-01,Indigenous,180.0,3.0,2.0,10.0,0.0,4.0,4.0
2024-08-01,Homeless Asylum Seekers,,,,,,,
2024-08-01,Seniors,56.0,4.0,4.0,4.0,0.0,3.0,3.0
2024-08-01,Veteran,11.0,1.0,0.0,1.0,0.0,0.0,0.0
2024-08-01,Veteran Chronic,8.0,,,,,,
2024-08-01,Unsheltered,453.0,3.0,26.0,20.0,11.0,7.0,11.0
2024-07-01,Total,1428.0,70.0,32.0,106.0,23.0,23.0,23.0
2024-07-01,Youth,121.0,12.0,4.0,15.0,0.0,4.0,4.0
2024-07-01,Single Adults,1241.0,46.0,31.0,100.0,22.0,20.0,18.0
2024-07-01,Families,75.0,9.0,1.0,3.0,0.0,2.0,3.0
2024-07-01,Indigenous,171.0,4.0,5.0,4.0,2.0,5.0,4.0
2024-07-01,Homeless Asylum Seekers,,,,,,,
2024-07-01,Seniors,50.0,0.0,0.0,6.0,1.0,0.0,1.0
2024-07-01,Veteran,13.0,3.0,0.0,,0.0,1.0,1.0
2024-07-01,Veteran Chronic,9.0,,,,,,
2024-07-01,Unsheltered,470.0,7.0,18.0,34.0,11.0,8.0,5.0
2024-06-01,Total,1434.0,92.0,27.0,100.0,32.0,29.0,18.0
2024-06-01,Youth,107.0,6.0,2.0,20.0,0.0,2.0,1.0
2024-06-01,Single Adults,1238.0,66.0,24.0,76.0,32.0,25.0,15.0
2024-06-01,Families,78.0,9.0,2.0,6.0,0.0,3.0,2.0
2024-06-01,Indigenous,173.0,7.0,4.0,8.0,6.0,3.0,2.0
2024-06-01,Homeless Asylum Seekers,,,,,,,
2024-06-01,Seniors,46.0,2.0,2.0,5.0,1.0,1.0,2.0
2024-06-01,Veteran,14.0,0.0,0.0,1.0,1.0,3.0,0.0
2024-06-01,Veteran Chronic,8.0,,,,,,
2024-06-01,Unsheltered,450.0,11.0,12.0,24.0,18.0,8.0,4.0
2024-05-01,Total,1437.0,84.0,45.0,114.0,33.0,21.0,32.0
2024-05-01,Youth,103.0,7.0,5.0,13.0,4.0,4.0,5.0
2024-05-01,Single Adults,1263.0,54.0,42.0,102.0,31.0,19.0,24.0
2024-05-01,Families,72.0,9.0,2.0,3.0,1.0,2.0,3.0
2024-05-01,Indigenous,177.0,12.0,3.0,8.0,3.0,3.0,
2024-05-01,Homeless Asylum Seekers,,,,,,,
2024-05-01,Seniors,47.0,3.0,1.0,6.0,1.0,0.0,1.0
2024-05-01,Veteran,9.0,0.0,0.0,1.0,1.0,0.0,1.0
2024-05-01,Veteran Chronic,7.0,,,,,,
2024-05-01,Unsheltered,441.0,7.0,17.0,28.0,19.0,5.0,5.0
2024-04-01,Total,1462.0,91.0,47.0,101.0,28.0,26.0,25.0
2024-04-01,Youth,112.0,11.0,8.0,13.0,2.0,1.0,2.0
2024-04-01,Single Adults,1266.0,50.0,46.0,87.0,27.0,20.0,23.0
2024-04-01,Families,79.0,14.0,1.0,3.0,1.0,3.0,2.0
2024-04-01,Indigenous,173.0,2.0,5.0,6.0,2.0,3.0,4.0
2024-04-01,Homeless Asylum Seekers,,,,,,,
2024-04-01,Seniors,44.0,2.0,1.0,5.0,1.0,0.0,2.0
2024-04-01,Veteran,9.0,0.0,2.0,0.0,0.0,0.0,0.0
2024-04-01,Veteran Chronic,7.0,,,,,,
2024-04-01,Unsheltered,423.0,3.0,22.0,33.0,19.0,6.0,6.0
2024-03-01,Total,1481.0,101.0,32.0,104.0,34.0,27.0,29.0
2024-03-01,Youth,113.0,11.0,3.0,13.0,4.0,3.0,7.0
2024-03-01,Single Adults,1304.0,64.0,31.0,88.0,31.0,20.0,24.0
2024-03-01,Families,69.0,12.0,0.0,3.0,2.0,2.0,1.0
2024-03-01,Indigenous,177.0,6.0,0.0,9.0,4.0,3.0,2.0
2024-03-01,Homeless Asylum Seekers,,,,,,,
2024-03-01,Seniors,40.0,2.0,1.0,8.0,1.0,0.0,2.0
2024-03-01,Veteran,11.0,0.0,0.0,0.0,1.0,0.0,0.0
2024-03-01,Veteran Chronic,8.0,,,,,,
2024-03-01,Unsheltered,399.0,7.0,12.0,19.0,17.0,6.0,4.0
2024-02-01,Total,1483.0,101.0,48.0,92.0,35.0,21.0,30.0
2024-02-01,Youth,108.0,8.0,8.0,11.0,5.0,1.0,4.0
2024-02-01,Single Adults,1306.0,65.0,46.0,82.0,34.0,21.0,26.0
2024-02-01,Families,70.0,13.0,1.0,3.0,1.0,0.0,1.0
2024-02-01,Indigenous,174.0,5.0,3.0,7.0,0.0,1.0,10.0
2024-02-01,Homeless Asylum Seekers,,,,,,,
2024-02-01,Seniors,40.0,3.0,1.0,4.0,2.0,0.0,0.0
2024-02-01,Veteran,12.0,1.0,0.0,2.0,0.0,0.0,1.0
2024-02-01,Veteran Chronic,8.0,,,,,,
2024-02-01,Unsheltered,404.0,13.0,21.0,26.0,20.0,7.0,3.0
2024-01-01,Total,1483.0,97.0,43.0,109.0,34.0,23.0,43.0
2024-01-01,Youth,109.0,5.0,5.0,18.0,1.0,2.0,4.0
2024-01-01,Single Adults,1292.0,57.0,43.0,100.0,34.0,21.0,35.0
2024-01-01,Families,74.0,13.0,0.0,4.0,0.0,2.0,3.0
2024-01-01,Indigenous,178.0,10.0,1.0,10.0,5.0,2.0,3.0
2024-01-01,Homeless Asylum Seekers,,,,,,,
2024-01-01,Seniors,37.0,3.0,1.0,7.0,1.0,1.0,1.0
2024-01-01,Veteran,10.0,0.0,0.0,1.0,0.0,0.0,0.0
2024-01-01,Veteran Chronic,7.0,,,,,,
2024-01-01,Unsheltered,417.0,8.0,20.0,25.0,27.0,5.0,12.0
2023-12-01,Total,1510.0,103.0,48.0,107.0,20.0,24.0,32.0
2023-12-01,Youth,113.0,7.0,9.0,13.0,2.0,8.0,2.0
2023-12-01,Single Adults,1320.0,60.0,48.0,96.0,19.0,18.0,27.0
2023-12-01,Families,73.0,15.0,0.0,5.0,0.0,2.0,2.0
2023-12-01,Indigenous,178.0,7.0,2.0,8.0,2.0,2.0,1.0
2023-12-01,Homeless Asylum Seekers,,,,,,,
2023-12-01,Homeless Seniors,33.0,2.0,3.0,2.0,0.0,0.0,1.0
2023-12-01,Veteran,10.0,0.0,0.0,2.0,0.0,1.0,
2023-12-01,Veteran Chronic,7.0,,,,,,
2023-12-01,Unsheltered,398.0,9.0,18.0,21.0,16.0,7.0,9.0
2023-11-01,Total,1557.0,134.0,43.0,102.0,41.0,25.0,29.0
2023-11-01,Youth,128.0,17.0,7.0,14.0,5.0,4.0,1.0
2023-11-01,Single Adults,1341.0,69.0,39.0,94.0,39.0,25.0,26.0
2023-11-01,Families,78.0,19.0,2.0,4.0,1.0,0.0,1.0
2023-11-01,Indigenous,179.0,8.0,1.0,5.0,5.0,2.0,
2023-11-01,Homeless Asylum Seekers,,,,,,,
2023-11-01,Seniors,39.0,4.0,2.0,4.0,1.0,1.0,1.0
2023-11-01,Veteran,11.0,1.0,0.0,1.0,0.0,1.0,
2023-11-01,Veteran Chronic,8.0,,,,,,
2023-11-01,Unsheltered,416.0,7.0,23.0,30.0,17.0,5.0,10.0
2023-10-01,Total,1574.0,91.0,53.0,151.0,25.0,20.0,30.0
2023-10-01,Youth,127.0,8.0,6.0,17.0,0.0,4.0,3.0
2023-10-01,Single Adults,1381.0,75.0,52.0,140.0,25.0,15.0,26.0
2023-10-01,Families,73.0,7.0,0.0,3.0,0.0,3.0,3.0
2023-10-01,Indigenous,185.0,5.0,5.0,15.0,1.0,4.0,1.0
2023-10-01,Homeless Asylum Seekers,,,,,,,
2023-10-01,Seniors,43.0,4.0,1.0,5.0,1.0,0.0,3.0
2023-10-01,Veteran,10.0,0.0,0.0,,0.0,0.0,
2023-10-01,Veteran Chronic,8.0,,,,,,
2023-10-01,Unsheltered,425.0,17.0,24.0,51.0,15.0,8.0,6.0
2023-09-01,Total,1530.0,80.0,32.0,150.0,28.0,18.0,32.0
2023-09-01,Youth,136.0,14.0,6.0,31.0,9.0,2.0,6.0
2023-09-01,Single Adults,1351.0,53.0,32.0,120.0,27.0,13.0,25.0
2023-09-01,Families,59.0,7.0,0.0,6.0,0.0,2.0,3.0
2023-09-01,Indigenous,172.0,7.0,1.0,11.0,4.0,2.0,1.0
2023-09-01,Homeless Asylum Seekers,,,,,,,
2023-09-01,Seniors,44.0,2.0,1.0,2.0,1.0,0.0,0.0
2023-09-01,Veteran,10.0,0.0,0.0,1.0,0.0,0.0,
2023-09-01,Veteran Chronic,8.0,,,,,,
2023-09-01,Unsheltered,391.0,11.0,9.0,22.0,16.0,8.0,9.0
2023-08-01,Total,1463.0,82.0,29.0,139.0,33.0,27.0,22.0
2023-08-01,Youth,122.0,21.0,4.0,20.0,2.0,3.0,3.0
2023-08-01,Single Adults,1306.0,46.0,28.0,114.0,30.0,26.0,20.0
2023-08-01,Families,57.0,9.0,1.0,2.0,0.0,1.0,1.0
2023-08-01,Indigenous,163.0,4.0,3.0,12.0,4.0,2.0,5.0
2023-08-01,Homeless Asylum Seekers,,,,,,,
2023-08-01,Seniors,44.0,1.0,2.0,4.0,2.0,1.0,0.0
2023-08-01,Veteran,10.0,1.0,0.0,,0.0,0.0,
2023-08-01,Veteran Chronic,9.0,,,,,,
2023-08-01,Unsheltered,387.0,6.0,11.0,39.0,24.0,9.0,2.0
2023-07-01,Total,1393.0,69.0,33.0,187.0,46.0,21.0,16.0
2023-07-01,Youth,117.0,7.0,3.0,31.0,7.0,0.0,0.0
2023-07-01,Single Adults,1259.0,39.0,33.0,165.0,39.0,21.0,15.0
2023-07-01,Families,51.0,8.0,0.0,4.0,2.0,0.0,0.0
2023-07-01,Indigenous,151.0,10.0,3.0,15.0,5.0,2.0,2.0
2023-07-01,Homeless Asylum Seekers,,,,,,,
2023-07-01,Seniors,42.0,4.0,1.0,2.0,2.0,1.0,0.0
2023-07-01,Veteran,11.0,1.0,0.0,,0.0,0.0,1.0
2023-07-01,Veteran Chronic,10.0,,,,,,
2023-07-01,Unsheltered,347.0,3.0,13.0,48.0,23.0,5.0,1.0
2023-06-01,Total,1335.0,70.0,65.0,123.0,28.0,24.0,24.0
2023-06-01,Youth,113.0,13.0,8.0,24.0,2.0,1.0,2.0
2023-06-01,Single Adults,1191.0,47.0,61.0,114.0,26.0,23.0,21.0
2023-06-01,Families,57.0,7.0,3.0,4.0,0.0,0.0,1.0
2023-06-01,Indigenous,159.0,11.0,9.0,7.0,2.0,4.0,3.0
2023-06-01,Homeless Asylum Seekers,,,,,,,
2023-06-01,Seniors,45.0,3.0,6.0,6.0,2.0,0.0,2.0
2023-06-01,Veteran,12.0,0.0,1.0,,1.0,0.0,
2023-06-01,Veteran Chronic,10.0,,,,,,
2023-06-01,Unsheltered,315.0,6.0,40.0,27.0,14.0,6.0,4.0
2023-05-01,Total,1276.0,79.0,23.0,122.0,24.0,30.0,26.0
2023-05-01,Youth,100.0,18.0,1.0,14.0,2.0,8.0,4.0
2023-05-01,Single Adults,1165.0,59.0,23.0,114.0,21.0,27.0,25.0
2023-05-01,Families,47.0,7.0,0.0,1.0,1.0,0.0,1.0
2023-05-01,Indigenous,161.0,10.0,3.0,7.0,3.0,5.0,5.0
2023-05-01,Homeless Asylum Seekers,,,,,,,
2023-05-01,Seniors,37.0,3.0,0.0,4.0,2.0,2.0,0.0
2023-05-01,Veteran,13.0,0.0,0.0,,1.0,0.0,
2023-05-01,Veteran Chronic,9.0,,,,,,
2023-05-01,Unsheltered,307.0,4.0,9.0,19.0,12.0,4.0,11.0
2023-04-01,Total,1245.0,87.0,39.0,76.0,31.0,20.0,25.0
2023-04-01,Youth,98.0,12.0,4.0,13.0,1.0,5.0,1.0
2023-04-01,Single Adults,1119.0,53.0,35.0,70.0,27.0,20.0,25.0
2023-04-01,Families,55.0,13.0,2.0,2.0,1.0,0.0,0.0
2023-04-01,Indigenous,159.0,12.0,2.0,4.0,4.0,4.0,4.0
2023-04-01,Homeless Asylum Seekers,,,,,,,
2023-04-01,Seniors,34.0,4.0,1.0,1.0,0.0,1.0,3.0
2023-04-01,Veteran,13.0,0.0,1.0,1.0,0.0,0.0,2.0
2023-04-01,Veteran Chronic,9.0,,,,,,
2023-04-01,Unsheltered,321.0,9.0,18.0,14.0,16.0,2.0,5.0
2023-03-01,Total,1256.0,62.0,24.0,103.0,71.0,22.0,28.0
2023-03-01,Youth,116.0,17.0,3.0,21.0,3.0,6.0,2.0
2023-03-01,Single Adults,1137.0,44.0,23.0,97.0,64.0,17.0,25.0
2023-03-01,Families,52.0,7.0,1.0,1.0,4.0,2.0,2.0
2023-03-01,Indigenous,163.0,12.0,2.0,13.0,12.0,5.0,6.0
2023-03-01,Homeless Asylum Seekers,,,,,,,
2023-03-01,Seniors,38.0,3.0,3.0,3.0,1.0,1.0,2.0
2023-03-01,Veteran,11.0,0.0,1.0,,2.0,0.0,
2023-03-01,Veteran Chronic,6.0,,,,,,
2023-03-01,Unsheltered,340.0,4.0,11.0,25.0,52.0,5.0,6.0
2023-02-01,Total,1173.0,55.0,22.0,73.0,23.0,30.0,29.0
2023-02-01,Youth,100.0,8.0,3.0,9.0,3.0,4.0,3.0
2023-02-01,Single Adults,1049.0,37.0,21.0,72.0,21.0,25.0,26.0
2023-02-01,Families,52.0,6.0,1.0,0.0,1.0,2.0,1.0
2023-02-01,Indigenous,148.0,5.0,3.0,8.0,4.0,2.0,3.0
2023-02-01,Homeless Asylum Seekers,,,,,,,
2023-02-01,Seniors,35.0,3.0,0.0,3.0,1.0,0.0,0.0
2023-02-01,Veteran,10.0,0.0,0.0,,0.0,0.0,
2023-02-01,Veteran Chronic,6.0,,,,,,
2023-02-01,Unsheltered,291.0,4.0,9.0,21.0,10.0,8.0,6.0
2023-01-01,Total,1216.0,58.0,33.0,107.0,27.0,18.0,15.0
2023-01-01,Youth,107.0,10.0,4.0,16.0,2.0,3.0,3.0
2023-01-01,Single Adults,1087.0,43.0,28.0,94.0,25.0,15.0,13.0
2023-01-01,Families,56.0,6.0,4.0,5.0,2.0,1.0,0.0
2023-01-01,Indigenous,152.0,5.0,2.0,6.0,4.0,2.0,2.0
2023-01-01,Homeless Asylum Seekers,,,,,,,
2023-01-01,Seniors,38.0,2.0,3.0,4.0,0.0,0.0,0.0
2023-01-01,Veteran,12.0,0.0,1.0,1.0,0.0,0.0,
2023-01-01,Veteran Chronic,7.0,,,,,,
2023-01-01,Unsheltered,310.0,6.0,11.0,30.0,16.0,3.0,3.0
2022-12-01,Total,1200.0,79.0,29.0,126.0,19.0,28.0,27.0
2022-12-01,Youth,107.0,12.0,3.0,18.0,2.0,3.0,4.0
2022-12-01,Single Adults,1062.0,47.0,29.0,118.0,18.0,27.0,25.0
2022-12-01,Families,56.0,10.0,0.0,2.0,0.0,0.0,1.0
2022-12-01,Indigenous,146.0,8.0,4.0,14.0,2.0,2.0,3.0
2022-12-01,Homeless Asylum Seekers,,,,,,,
2022-12-01,Homeless Seniors,43.0,5.0,1.0,6.0,0.0,4.0,1.0
2022-12-01,Veteran,12.0,0.0,1.0,2.0,0.0,1.0,0.0
2022-12-01,Veteran Chronic,7.0,,,,,,
2022-12-01,Unsheltered,304.0,9.0,12.0,39.0,14.0,5.0,9.0
2022-11-01,Total,1149.0,80.0,39.0,75.0,31.0,17.0,31.0
2022-11-01,Youth,113.0,12.0,5.0,17.0,3.0,1.0,5.0
2022-11-01,Single Adults,977.0,41.0,35.0,69.0,28.0,14.0,25.0
2022-11-01,Families,63.0,15.0,2.0,2.0,2.0,2.0,2.0
2022-11-01,Indigenous,142.0,7.0,2.0,6.0,8.0,4.0,1.0
2022-11-01,Homeless Asylum Seekers,,,,,,,
2022-11-01,Seniors,35.0,3.0,0.0,4.0,2.0,1.0,1.0
2022-11-01,Veteran,11.0,1.0,1.0,0.0,0.0,0.0,0.0
2022-11-01,Veteran Chronic,8.0,,,,,,
2022-11-01,Unsheltered,279.0,7.0,12.0,22.0,15.0,4.0,7.0
2022-10-01,Total,1171.0,75.0,39.0,102.0,31.0,21.0,22.0
2022-10-01,Youth,114.0,12.0,3.0,19.0,3.0,3.0,4.0
2022-10-01,Single Adults,990.0,40.0,37.0,83.0,27.0,15.0,15.0
2022-10-01,Families,66.0,12.0,1.0,6.0,2.0,3.0,2.0
2022-10-01,Indigenous,136.0,8.0,3.0,8.0,1.0,2.0,1.0
2022-10-01,Homeless Asylum Seekers,,,,,,,
2022-10-01,Seniors,32.0,1.0,2.0,5.0,2.0,0.0,2.0
2022-10-01,Veteran,12.0,1.0,0.0,2.0,0.0,0.0,0.0
2022-10-01,Veteran Chronic,8.0,,,,,,
2022-10-01,Unsheltered,281.0,8.0,19.0,21.0,15.0,1.0,2.0
2022-09-01,Total,1183.0,59.0,37.0,114.0,30.0,22.0,19.0
2022-09-01,Youth,115.0,10.0,1.0,17.0,1.0,5.0,2.0
2022-09-01,Single Adults,1023.0,37.0,32.0,93.0,30.0,20.0,14.0
2022-09-01,Families,59.0,8.0,2.0,7.0,0.0,0.0,2.0
2022-09-01,Indigenous,141.0,4.0,3.0,7.0,3.0,5.0,2.0
2022-09-01,Homeless Asylum Seekers,,,,,,,
2022-09-01,Seniors,29.0,1.0,0.0,5.0,1.0,0.0,0.0
2022-09-01,Veteran,12.0,1.0,0.0,1.0,0.0,0.0,0.0
2022-09-01,Veteran Chronic,10.0,,,,,,
2022-09-01,Unsheltered,284.0,7.0,17.0,23.0,16.0,6.0,4.0
2022-08-01,Total,1202.0,52.0,47.0,130.0,23.0,35.0,16.0
2022-08-01,Youth,124.0,8.0,6.0,20.0,5.0,5.0,3.0
2022-08-01,Single Adults,1058.0,37.0,41.0,120.0,23.0,28.0,16.0
2022-08-01,Families,52.0,6.0,4.0,3.0,0.0,3.0,0.0
2022-08-01,Indigenous,142.0,4.0,5.0,10.0,2.0,7.0,2.0
2022-08-01,Homeless Asylum Seekers,,,,,,,
2022-08-01,Seniors,28.0,1.0,2.0,1.0,0.0,1.0,0.0
2022-08-01,Veteran,13.0,1.0,0.0,0.0,0.0,0.0,1.0
2022-08-01,Veteran Chronic,10.0,,,,,,
2022-08-01,Unsheltered,293.0,4.0,21.0,23.0,13.0,3.0,5.0
2022-07-01,Total,1149.0,36.0,36.0,118.0,24.0,22.0,27.0
2022-07-01,Youth,112.0,3.0,4.0,19.0,2.0,4.0,5.0
2022-07-01,Single Adults,1027.0,26.0,35.0,100.0,22.0,17.0,22.0
2022-07-01,Families,48.0,6.0,0.0,2.0,1.0,1.0,2.0
2022-07-01,Indigenous,133.0,4.0,0.0,4.0,3.0,2.0,1.0
2022-07-01,Homeless Asylum Seekers,,,,,,,
2022-07-01,Seniors,27.0,1.0,0.0,3.0,0.0,1.0,1.0
2022-07-01,Veteran,13.0,0.0,0.0,0.0,0.0,1.0,1.0
2022-07-01,Veteran Chronic,9.0,,,,,,
2022-07-01,Unsheltered,282.0,3.0,15.0,14.0,12.0,1.0,10.0
2022-06-01,Total,1145.0,57.0,25.0,119.0,34.0,29.0,27.0
2022-06-01,Youth,103.0,7.0,1.0,13.0,3.0,4.0,1.0
2022-06-01,Single Adults,1042.0,37.0,23.0,108.0,29.0,24.0,24.0
2022-06-01,Families,43.0,9.0,1.0,3.0,1.0,1.0,1.0
2022-06-01,Indigenous,133.0,5.0,1.0,2.0,4.0,3.0,4.0
2022-06-01,Homeless Asylum Seekers,,,,,,,
2022-06-01,Seniors,24.0,2.0,1.0,2.0,1.0,1.0,0.0
2022-06-01,Veteran,12.0,0.0,0.0,0.0,1.0,0.0,0.0
2022-06-01,Veteran Chronic,8.0,,,,,,
2022-06-01,Unsheltered,267.0,5.0,15.0,16.0,7.0,5.0,6.0
2022-05-01,Total,1096.0,54.0,30.0,81.0,13.0,38.0,15.0
2022-05-01,Youth,104.0,4.0,5.0,10.0,2.0,5.0,1.0
2022-05-01,Single Adults,1004.0,44.0,27.0,70.0,12.0,32.0,14.0
2022-05-01,Families,38.0,6.0,1.0,4.0,0.0,2.0,1.0
2022-05-01,Indigenous,132.0,3.0,3.0,7.0,1.0,5.0,3.0
2022-05-01,Homeless Asylum Seekers,,,,,,,
2022-05-01,Seniors,23.0,2.0,0.0,1.0,0.0,1.0,1.0
2022-05-01,Veteran,14.0,1.0,1.0,0.0,1.0,0.0,0.0
2022-05-01,Veteran Chronic,9.0,,,,,,
2022-05-01,Unsheltered,234.0,5.0,9.0,18.0,2.0,3.0,2.0
2022-04-01,Total,1108.0,61.0,34.0,74.0,24.0,41.0,21.0
2022-04-01,Youth,105.0,4.0,3.0,11.0,4.0,7.0,2.0
2022-04-01,Single Adults,996.0,44.0,32.0,70.0,21.0,31.0,18.0
2022-04-01,Families,50.0,8.0,2.0,2.0,1.0,4.0,1.0
2022-04-01,Indigenous,134.0,3.0,3.0,8.0,2.0,4.0,1.0
2022-04-01,Homeless Asylum Seekers,,,,,,,
2022-04-01,Seniors,27.0,2.0,1.0,4.0,1.0,1.0,0.0
2022-04-01,Veteran,14.0,0.0,0.0,0.0,0.0,0.0,0.0
2022-04-01,Veteran Chronic,9.0,,,,,,
2022-04-01,Unsheltered,224.0,3.0,12.0,14.0,8.0,3.0,3.0
2022-03-01,Total,1077.0,43.0,30.0,73.0,31.0,25.0,20.0
2022-03-01,Youth,101.0,3.0,3.0,16.0,1.0,4.0,2.0
2022-03-01,Single Adults,983.0,36.0,25.0,66.0,30.0,18.0,18.0
2022-03-01,Families,40.0,3.0,1.0,1.0,0.0,2.0,1.0
2022-03-01,Indigenous,134.0,6.0,3.0,8.0,3.0,6.0,4.0
2022-03-01,Homeless Asylum Seekers,,,,,,,
2022-03-01,Seniors,29.0,4.0,1.0,4.0,1.0,1.0,0.0
2022-03-01,Veteran,15.0,1.0,1.0,2.0,0.0,0.0,1.0
2022-03-01,Veteran Chronic,8.0,,,,,,
2022-03-01,Unsheltered,196.0,2.0,12.0,8.0,12.0,3.0,6.0
2022-02-01,Total,1052.0,46.0,10.0,86.0,19.0,25.0,15.0
2022-02-01,Youth,92.0,5.0,0.0,14.0,1.0,2.0,0.0
2022-02-01,Single Adults,959.0,37.0,8.0,75.0,19.0,22.0,15.0
2022-02-01,Families,40.0,2.0,1.0,4.0,0.0,1.0,0.0
2022-02-01,Indigenous,126.0,2.0,1.0,6.0,3.0,3.0,2.0
2022-02-01,Homeless Asylum Seekers,,,,,,,
2022-02-01,Seniors,25.0,3.0,0.0,4.0,0.0,2.0,1.0
2022-02-01,Veteran,13.0,0.0,0.0,1.0,0.0,0.0,0.0
2022-02-01,Veteran Chronic,6.0,,,,,,
2022-02-01,Unsheltered,184.0,4.0,3.0,9.0,9.0,4.0,2.0
2022-01-01,Total,1046.0,54.0,26.0,79.0,31.0,32.0,14.0
2022-01-01,Youth,97.0,8.0,7.0,6.0,1.0,1.0,2.0
2022-01-01,Single Adults,948.0,44.0,26.0,72.0,31.0,25.0,11.0
2022-01-01,Families,44.0,4.0,0.0,4.0,0.0,2.0,2.0
2022-01-01,Indigenous,125.0,2.0,3.0,6.0,6.0,2.0,0.0
2022-01-01,Homeless Asylum Seekers,,,,,,,
2022-01-01,Seniors,24.0,1.0,0.0,3.0,1.0,3.0,0.0
2022-01-01,Veteran,14.0,1.0,0.0,0.0,2.0,0.0,0.0
2022-01-01,Veteran Chronic,7.0,,,,,,
2022-01-01,Unsheltered,181.0,6.0,8.0,12.0,9.0,3.0,0.0
2021-12-01,Total,1050.0,41.0,35.0,117.0,41.0,33.0,21.0
2021-12-01,Youth,110.0,6.0,2.0,14.0,4.0,4.0,1.0
2021-12-01,Single Adults,957.0,34.0,31.0,109.0,35.0,24.0,19.0
2021-12-01,Families,43.0,3.0,3.0,2.0,2.0,4.0,1.0
2021-12-01,Indigenous,119.0,2.0,4.0,6.0,6.0,4.0,2.0
2021-12-01,Homeless Asylum Seekers,,,,,,,
2021-12-01,Homeless Seniors,22.0,4.0,1.0,1.0,1.0,1.0,2.0
2021-12-01,Veteran,13.0,1.0,0.0,3.0,0.0,1.0,0.0
2021-12-01,Veteran Chronic,7.0,,,,,,
2021-12-01,Unsheltered,216.0,6.0,16.0,15.0,21.0,5.0,1.0
2021-11-01,Total,967.0,40.0,39.0,72.0,29.0,26.0,17.0
2021-11-01,Youth,112.0,11.0,4.0,12.0,0.0,5.0,1.0
2021-11-01,Single Adults,876.0,21.0,33.0,64.0,23.0,21.0,14.0
2021-11-01,Families,45.0,8.0,3.0,5.0,3.0,2.0,1.0
2021-11-01,Indigenous,116.0,4.0,5.0,10.0,7.0,5.0,2.0
2021-11-01,Homeless Asylum Seekers,,,,,,,
2021-11-01,Seniors,26.0,0.0,2.0,3.0,0.0,0.0,0.0
2021-11-01,Veteran,11.0,0.0,0.0,0.0,0.0,1.0,0.0
2021-11-01,Veteran Chronic,7.0,,,,,,
2021-11-01,Unsheltered,237.0,2.0,15.0,13.0,10.0,3.0,1.0
2021-10-01,Total,932.0,32.0,46.0,89.0,20.0,14.0,9.0
2021-10-01,Youth,111.0,5.0,2.0,13.0,5.0,1.0,2.0
2021-10-01,Single Adults,844.0,22.0,45.0,81.0,18.0,14.0,7.0
2021-10-01,Families,43.0,5.0,1.0,4.0,1.0,0.0,2.0
2021-10-01,Indigenous,101.0,1.0,7.0,5.0,1.0,1.0,0.0
2021-10-01,Homeless Asylum Seekers,,,,,,,
2021-10-01,Seniors,23.0,0.0,1.0,5.0,0.0,0.0,1.0
2021-10-01,Veteran,8.0,0.0,0.0,1.0,1.0,0.0,1.0
2021-10-01,Veteran Chronic,5.0,,,,,,
2021-10-01,Unsheltered,262.0,4.0,14.0,16.0,7.0,2.0,2.0
2021-09-01,Total,922.0,30.0,38.0,94.0,24.0,16.0,21.0
2021-09-01,Youth,102.0,2.0,5.0,17.0,4.0,1.0,3.0
2021-09-01,Single Adults,834.0,23.0,34.0,75.0,21.0,15.0,18.0
2021-09-01,Families,41.0,3.0,2.0,5.0,2.0,0.0,2.0
2021-09-01,Indigenous,95.0,1.0,1.0,5.0,5.0,0.0,2.0
2021-09-01,Homeless Asylum Seekers,,,,,,,
2021-09-01,Seniors,22.0,2.0,1.0,2.0,0.0,1.0,0.0
2021-09-01,Veteran,10.0,0.0,1.0,0.0,1.0,0.0,0.0
2021-09-01,Veteran Chronic,6.0,,,,,,
2021-09-01,Unsheltered,262.0,3.0,11.0,14.0,13.0,4.0,8.0
2021-08-01,Total,885.0,32.0,29.0,100.0,23.0,11.0,14.0
2021-08-01,Youth,93.0,4.0,3.0,14.0,4.0,1.0,0.0
2021-08-01,Single Adults,818.0,27.0,25.0,91.0,21.0,11.0,13.0
2021-08-01,Families,37.0,2.0,2.0,4.0,0.0,0.0,1.0
2021-08-01,Indigenous,97.0,2.0,3.0,9.0,2.0,0.0,2.0
2021-08-01,Homeless Asylum Seekers,,,,,,,
2021-08-01,Seniors,22.0,1.0,1.0,4.0,0.0,1.0,1.0
2021-08-01,Veteran,9.0,0.0,0.0,0.0,0.0,0.0,0.0
2021-08-01,Veteran Chronic,6.0,,,,,,
2021-08-01,Unsheltered,277.0,6.0,18.0,24.0,13.0,2.0,4.0
2021-07-01,Total,835.0,34.0,22.0,67.0,45.0,14.0,16.0
2021-07-01,Youth,84.0,5.0,0.0,7.0,3.0,2.0,2.0
2021-07-01,Single Adults,775.0,26.0,21.0,62.0,42.0,14.0,16.0
2021-07-01,Families,34.0,5.0,1.0,3.0,2.0,0.0,0.0
2021-07-01,Indigenous,99.0,6.0,4.0,3.0,4.0,3.0,0.0
2021-07-01,Homeless Asylum Seekers,,,,,,,
2021-07-01,Seniors,24.0,1.0,2.0,3.0,1.0,0.0,1.0
2021-07-01,Veteran,10.0,0.0,0.0,2.0,0.0,0.0,1.0
2021-07-01,Veteran Chronic,7.0,,,,,,
2021-07-01,Unsheltered,270.0,3.0,7.0,13.0,16.0,1.0,4.0
2021-06-01,Total,836.0,42.0,26.0,72.0,11.0,16.0,16.0
2021-06-01,Youth,97.0,5.0,8.0,17.0,2.0,4.0,1.0
2021-06-01,Single Adults,770.0,34.0,23.0,66.0,10.0,14.0,13.0
2021-06-01,Families,33.0,5.0,1.0,2.0,1.0,1.0,1.0
2021-06-01,Indigenous,100.0,0.0,5.0,6.0,1.0,5.0,4.0
2021-06-01,Homeless Asylum Seekers,,,,,,,
2021-06-01,Seniors,20.0,0.0,0.0,3.0,0.0,0.0,1.0
2021-06-01,Veteran,11.0,1.0,0.0,1.0,0.0,0.0,0.0
2021-06-01,Veteran Chronic,7.0,,,,,,
2021-06-01,Unsheltered,225.0,4.0,6.0,7.0,4.0,2.0,2.0
2021-05-01,Total,835.0,45.0,20.0,77.0,25.0,22.0,12.0
2021-05-01,Youth,89.0,4.0,0.0,13.0,2.0,5.0,3.0
2021-05-01,Single Adults,781.0,33.0,19.0,75.0,24.0,22.0,12.0
2021-05-01,Families,29.0,4.0,1.0,1.0,1.0,0.0,0.0
2021-05-01,Indigenous,97.0,1.0,1.0,6.0,1.0,1.0,2.0
2021-05-01,Homeless Asylum Seekers,,,,,,,
2021-05-01,Seniors,20.0,1.0,2.0,3.0,0.0,0.0,1.0
2021-05-01,Veteran,14.0,2.0,1.0,1.0,1.0,0.0,1.0
2021-05-01,Veteran Chronic,9.0,,,,,,
2021-05-01,Unsheltered,221.0,6.0,8.0,20.0,18.0,3.0,2.0
2021-04-01,Total,823.0,38.0,24.0,52.0,24.0,15.0,21.0
2021-04-01,Youth,83.0,5.0,6.0,3.0,3.0,3.0,2.0
2021-04-01,Single Adults,757.0,29.0,23.0,50.0,21.0,15.0,19.0
2021-04-01,Families,34.0,5.0,1.0,2.0,1.0,0.0,1.0
2021-04-01,Indigenous,96.0,1.0,2.0,5.0,2.0,2.0,2.0
2021-04-01,Homeless Asylum Seekers,,,,,,,
2021-04-01,Seniors,20.0,1.0,1.0,2.0,0.0,0.0,0.0
2021-04-01,Veteran,14.0,1.0,0.0,1.0,0.0,0.0,1.0
2021-04-01,Veteran Chronic,9.0,,,,,,
2021-04-01,Unsheltered,178.0,3.0,8.0,9.0,10.0,5.0,2.0
2021-03-01,Total,819.0,33.0,24.0,64.0,26.0,26.0,8.0
2021-03-01,Youth,92.0,5.0,4.0,16.0,4.0,1.0,2.0
2021-03-01,Single Adults,746.0,25.0,19.0,57.0,23.0,25.0,7.0
2021-03-01,Families,35.0,4.0,2.0,2.0,1.0,1.0,1.0
2021-03-01,Indigenous,95.0,4.0,6.0,7.0,5.0,6.0,0.0
2021-03-01,Homeless Asylum Seekers,,,,,,,
2021-03-01,Seniors,18.0,0.0,0.0,1.0,1.0,1.0,0.0
2021-03-01,Veteran,13.0,0.0,0.0,1.0,0.0,0.0,1.0
2021-03-01,Veteran Chronic,8.0,,,,,,
2021-03-01,Unsheltered,181.0,3.0,15.0,15.0,18.0,4.0,3.0
2021-02-01,Total,832.0,43.0,22.0,56.0,16.0,11.0,21.0
2021-02-01,Youth,79.0,2.0,4.0,3.0,3.0,0.0,1.0
2021-02-01,Single Adults,758.0,40.0,18.0,49.0,16.0,11.0,18.0
2021-02-01,Families,36.0,1.0,1.0,3.0,0.0,0.0,1.0
2021-02-01,Indigenous,96.0,7.0,2.0,2.0,2.0,0.0,3.0
2021-02-01,Homeless Asylum Seekers,,,,,,,
2021-02-01,Seniors,17.0,2.0,1.0,3.0,2.0,0.0,0.0
2021-02-01,Veteran,14.0,1.0,0.0,2.0,0.0,1.0,1.0
2021-02-01,Veteran Chronic,7.0,,,,,,
2021-02-01,Unsheltered,164.0,0.0,12.0,9.0,7.0,0.0,5.0
2021-01-01,Total,887.0,57.0,20.0,94.0,11.0,20.0,19.0
2021-01-01,Youth,97.0,8.0,2.0,20.0,1.0,2.0,2.0
2021-01-01,Single Adults,805.0,41.0,16.0,85.0,11.0,17.0,19.0
2021-01-01,Families,37.0,4.0,2.0,4.0,0.0,1.0,0.0
2021-01-01,Indigenous,108.0,8.0,4.0,5.0,0.0,2.0,3.0
2021-01-01,Homeless Asylum Seekers,,,,,,,
2021-01-01,Seniors,17.0,4.0,0.0,6.0,0.0,0.0,1.0
2021-01-01,Veteran,12.0,1.0,0.0,0.0,0.0,1.0,1.0
2021-01-01,Veteran Chronic,5.0,,,,,,
2021-01-01,Unsheltered,178.0,9.0,8.0,14.0,5.0,2.0,3.0
2020-12-01,Total,840.0,45.0,23.0,73.0,25.0,23.0,10.0
2020-12-01,Youth,86.0,4.0,4.0,9.0,1.0,5.0,0.0
2020-12-01,Single Adults,756.0,37.0,20.0,69.0,25.0,22.0,9.0
2020-12-01,Families,41.0,3.0,1.0,3.0,0.0,0.0,0.0
2020-12-01,Indigenous,109.0,3.0,3.0,10.0,4.0,1.0,1.0
2020-12-01,Homeless Asylum Seekers,,,,,,,
2020-12-01,Homeless Seniors,11.0,1.0,0.0,1.0,0.0,0.0,0.0
2020-12-01,Veteran,12.0,1.0,0.0,0.0,0.0,0.0,0.0
2020-12-01,Veteran Chronic,5.0,,,,,,
2020-12-01,Unsheltered,206.0,6.0,12.0,20.0,21.0,5.0,1.0
2020-11-01,Total,808.0,38.0,22.0,75.0,19.0,24.0,11.0
2020-11-01,Youth,93.0,5.0,1.0,13.0,3.0,5.0,2.0
2020-11-01,Single Adults,721.0,31.0,22.0,62.0,18.0,22.0,9.0
2020-11-01,Families,38.0,2.0,0.0,5.0,1.0,1.0,0.0
2020-11-01,Indigenous,105.0,4.0,0.0,4.0,5.0,1.0,2.0
2020-11-01,Homeless Asylum Seekers,,,,,,,
2020-11-01,Seniors,14.0,0.0,0.0,2.0,0.0,1.0,0.0
2020-11-01,Veteran,12.0,0.0,1.0,2.0,1.0,0.0,0.0
2020-11-01,Veteran Chronic,5.0,,,,,,
2020-11-01,Unsheltered,210.0,1.0,10.0,23.0,12.0,1.0,5.0
2020-10-01,Total,819.0,54.0,27.0,93.0,38.0,34.0,19.0
2020-10-01,Youth,87.0,6.0,3.0,13.0,5.0,3.0,4.0
2020-10-01,Single Adults,731.0,36.0,22.0,83.0,35.0,29.0,18.0
2020-10-01,Families,36.0,7.0,2.0,3.0,2.0,1.0,0.0
2020-10-01,Indigenous,104.0,5.0,3.0,13.0,6.0,3.0,2.0
2020-10-01,Homeless Asylum Seekers,,,,,,,
2020-10-01,Seniors,16.0,2.0,1.0,1.0,2.0,1.0,0.0
2020-10-01,Veteran,9.0,0.0,0.0,2.0,1.0,0.0,0.0
2020-10-01,Veteran Chronic,3.0,,,,,,
2020-10-01,Unsheltered,257.0,5.0,14.0,27.0,21.0,8.0,6.0
2020-09-01,Total,744.0,54.0,38.0,66.0,26.0,34.0,20.0
2020-09-01,Youth,87.0,6.0,7.0,12.0,3.0,2.0,1.0
2020-09-01,Single Adults,653.0,35.0,36.0,61.0,18.0,27.0,19.0
2020-09-01,Families,40.0,8.0,1.0,2.0,2.0,2.0,0.0
2020-09-01,Indigenous,85.0,6.0,2.0,5.0,3.0,2.0,1.0
2020-09-01,Homeless Asylum Seekers,,,,,,,
2020-09-01,Seniors,16.0,1.0,3.0,2.0,1.0,0.0,0.0
2020-09-01,Veteran,6.0,0.0,1.0,2.0,0.0,0.0,0.0
2020-09-01,Veteran Chronic,3.0,,,,,,
2020-09-01,Unsheltered,249.0,3.0,18.0,27.0,8.0,8.0,6.0
2020-08-01,Total,746.0,35.0,16.0,64.0,22.0,20.0,16.0
2020-08-01,Youth,96.0,5.0,3.0,14.0,1.0,4.0,3.0
2020-08-01,Single Adults,664.0,32.0,15.0,63.0,19.0,15.0,12.0
2020-08-01,Families,36.0,1.0,0.0,1.0,2.0,2.0,1.0
2020-08-01,Indigenous,92.0,4.0,0.0,5.0,1.0,0.0,1.0
2020-08-01,Homeless Asylum Seekers,,,,,,,
2020-08-01,Seniors,16.0,1.0,1.0,2.0,0.0,0.0,0.0
2020-08-01,Veteran,5.0,0.0,0.0,,0.0,0.0,0.0
2020-08-01,Veteran Chronic,2.0,,,,,,
2020-08-01,Unsheltered,245.0,4.0,10.0,24.0,9.0,2.0,5.0
2020-07-01,Total,775.0,34.0,37.0,76.0,28.0,22.0,20.0
2020-07-01,Youth,93.0,4.0,6.0,12.0,4.0,5.0,4.0
2020-07-01,Single Adults,682.0,32.0,26.0,69.0,27.0,22.0,17.0
2020-07-01,Families,44.0,1.0,7.0,3.0,1.0,0.0,1.0
2020-07-01,Indigenous,92.0,0.0,3.0,5.0,3.0,2.0,2.0
2020-07-01,Homeless Asylum Seekers,,,,,,,
2020-07-01,Seniors,18.0,2.0,1.0,3.0,1.0,1.0,0.0
2020-07-01,Veteran,7.0,0.0,0.0,1.0,0.0,0.0,0.0
2020-07-01,Veteran Chronic,2.0,,,,,,
2020-07-01,Unsheltered,232.0,7.0,17.0,17.0,14.0,1.0,5.0
2020-06-01,Total,784.0,47.0,59.0,68.0,43.0,14.0,23.0
2020-06-01,Youth,100.0,5.0,9.0,8.0,7.0,3.0,1.0
2020-06-01,Single Adults,693.0,42.0,55.0,60.0,40.0,12.0,18.0
2020-06-01,Families,41.0,3.0,3.0,5.0,1.0,0.0,1.0
2020-06-01,Indigenous,91.0,1.0,8.0,5.0,7.0,1.0,1.0
2020-06-01,Homeless Asylum Seekers,,,,,,,
2020-06-01,Seniors,17.0,1.0,1.0,0.0,2.0,0.0,3.0
2020-06-01,Veteran,7.0,1.0,1.0,,1.0,0.0,1.0
2020-06-01,Veteran Chronic,2.0,,,,,,
2020-06-01,Unsheltered,227.0,2.0,18.0,18.0,22.0,0.0,9.0
2020-05-01,Total,822.0,62.0,46.0,60.0,24.0,18.0,13.0
2020-05-01,Youth,100.0,3.0,7.0,7.0,5.0,0.0,2.0
2020-05-01,Single Adults,723.0,47.0,41.0,54.0,21.0,18.0,12.0
2020-05-01,Families,46.0,7.0,4.0,3.0,1.0,0.0,0.0
2020-05-01,Indigenous,90.0,6.0,7.0,7.0,2.0,3.0,1.0
2020-05-01,Homeless Asylum Seekers,,,,,,,
2020-05-01,Seniors,20.0,1.0,2.0,3.0,0.0,0.0,0.0
2020-05-01,Veteran,5.0,1.0,0.0,0.0,0.0,1.0,0.0
2020-05-01,Veteran Chronic,1.0,,,,,,
2020-05-01,Unsheltered,212.0,0.0,15.0,22.0,12.0,0.0,2.0
2020-04-01,Total,852.0,51.0,29.0,76.0,13.0,25.0,20.0
2020-04-01,Youth,112.0,10.0,10.0,14.0,2.0,4.0,1.0
2020-04-01,Single Adults,729.0,26.0,23.0,64.0,7.0,25.0,13.0
2020-04-01,Families,51.0,8.0,1.0,7.0,2.0,0.0,4.0
2020-04-01,Indigenous,92.0,2.0,2.0,8.0,2.0,2.0,1.0
2020-04-01,Homeless Asylum Seekers,,,,,,,
2020-04-01,Seniors,19.0,1.0,0.0,0.0,1.0,1.0,0.0
2020-04-01,Veteran,8.0,0.0,0.0,2.0,0.0,0.0,0.0
2020-04-01,Veteran Chronic,1.0,,,,,,
2020-04-01,Unsheltered,178.0,2.0,9.0,22.0,10.0,3.0,3.0
2020-03-01,Total,895.0,72.0,23.0,128.0,23.0,36.0,17.0
2020-03-01,Youth,133.0,17.0,3.0,23.0,1.0,11.0,2.0
2020-03-01,Single Adults,779.0,47.0,19.0,116.0,16.0,28.0,15.0
2020-03-01,Families,49.0,8.0,3.0,4.0,4.0,4.0,1.0
2020-03-01,Indigenous,93.0,6.0,4.0,10.0,4.0,4.0,3.0
2020-03-01,Homeless Asylum Seekers,,,,,,,
2020-03-01,Seniors,19.0,1.0,1.0,4.0,1.0,0.0,1.0
2020-03-01,Veteran,6.0,0.0,0.0,0.0,1.0,0.0,0.0
2020-03-01,Veteran Chronic,1.0,,,,,,
2020-03-01,Unsheltered,170.0,2.0,10.0,14.0,8.0,4.0,1.0
2020-02-01,Total,845.0,57.0,37.0,152.0,23.0,26.0,15.0
2020-02-01,Youth,123.0,11.0,6.0,22.0,6.0,6.0,2.0
2020-02-01,Single Adults,733.0,42.0,30.0,135.0,22.0,22.0,10.0
2020-02-01,Families,47.0,5.0,5.0,7.0,1.0,2.0,2.0
2020-02-01,Indigenous,90.0,9.0,4.0,8.0,3.0,4.0,1.0
2020-02-01,Homeless Asylum Seekers,,,,,,,
2020-02-01,Seniors,20.0,0.0,2.0,4.0,0.0,0.0,0.0
2020-02-01,Veteran,7.0,0.0,0.0,2.0,0.0,0.0,0.0
2020-02-01,Veteran Chronic,1.0,,,,,,
2020-02-01,Unsheltered,154.0,4.0,13.0,24.0,12.0,1.0,2.0
2020-01-01,Total,827.0,64.0,39.0,99.0,22.0,52.0,22.0
2020-01-01,Youth,129.0,16.0,7.0,20.0,6.0,15.0,7.0
2020-01-01,Single Adults,705.0,44.0,29.0,88.0,19.0,40.0,22.0
2020-01-01,Families,49.0,8.0,3.0,3.0,1.0,6.0,0.0
2020-01-01,Indigenous,95.0,6.0,3.0,14.0,1.0,7.0,3.0
2020-01-01,Homeless Asylum Seekers,,,,,,,
2020-01-01,Seniors,21.0,0.0,1.0,4.0,0.0,0.0,1.0
2020-01-01,Veteran,4.0,0.0,0.0,0.0,0.0,0.0,0.0
2020-01-01,Veteran Chronic,1.0,,,,,,
2020-01-01,Unsheltered,161.0,1.0,17.0,21.0,5.0,2.0,6.0
2019-12-01,Total,856.0,79.0,20.0,122.0,21.0,28.0,11.0
2019-12-01,Youth,131.0,24.0,4.0,16.0,2.0,5.0,3.0
2019-12-01,Single Adults,713.0,36.0,20.0,112.0,21.0,25.0,11.0
2019-12-01,Families,56.0,13.0,0.0,6.0,0.0,2.0,0.0
2019-12-01,Indigenous,93.0,7.0,3.0,8.0,3.0,4.0,1.0
2019-12-01,Homeless Asylum Seekers,,,,,,,
2019-12-01,Homeless Seniors,22.0,1.0,1.0,3.0,0.0,1.0,0.0
2019-12-01,Veteran,6.0,0.0,0.0,2.0,0.0,0.0,0.0
2019-12-01,Veteran Chronic,1.0,,,,,,
2019-12-01,Unsheltered,168.0,4.0,7.0,17.0,11.0,4.0,2.0
2019-11-01,Total,749.0,56.0,19.0,118.0,23.0,22.0,12.0
2019-11-01,Youth,123.0,18.0,6.0,14.0,6.0,5.0,1.0
2019-11-01,Single Adults,609.0,25.0,17.0,107.0,23.0,20.0,7.0
2019-11-01,Families,53.0,9.0,2.0,7.0,0.0,1.0,2.0
2019-11-01,Indigenous,90.0,2.0,2.0,17.0,1.0,1.0,1.0
2019-11-01,Homeless Asylum Seekers,,,,,,,
2019-11-01,Seniors,16.0,0.0,0.0,2.0,1.0,0.0,0.0
2019-11-01,Veteran,6.0,0.0,0.0,2.0,1.0,0.0,0.0
2019-11-01,Veteran Chronic,1.0,,,,,,
2019-11-01,Unsheltered,191.0,2.0,8.0,28.0,11.0,5.0,2.0
2019-10-01,Total,694.0,45.0,44.0,114.0,16.0,20.0,20.0
2019-10-01,Youth,132.0,12.0,13.0,20.0,1.0,6.0,3.0
2019-10-01,Single Adults,581.0,33.0,36.0,98.0,16.0,19.0,17.0
2019-10-01,Families,41.0,5.0,4.0,6.0,0.0,0.0,1.0
2019-10-01,Indigenous,80.0,6.0,6.0,9.0,0.0,5.0,
2019-10-01,Homeless Asylum Seekers,,,,,,,
2019-10-01,Seniors,17.0,2.0,0.0,3.0,1.0,0.0,1.0
2019-10-01,Veteran,4.0,1.0,0.0,0.0,0.0,0.0,0.0
2019-10-01,Veteran Chronic,1.0,,,,,,
2019-10-01,Unsheltered,211.0,3.0,16.0,35.0,9.0,8.0,3.0
2019-09-01,Total,697.0,56.0,22.0,117.0,15.0,32.0,16.0
2019-09-01,Youth,138.0,16.0,5.0,23.0,3.0,9.0,3.0
2019-09-01,Single Adults,582.0,34.0,18.0,107.0,14.0,30.0,12.0
2019-09-01,Families,46.0,8.0,2.0,1.0,0.0,2.0,2.0
2019-09-01,Indigenous,83.0,5.0,3.0,11.0,3.0,3.0,1.0
2019-09-01,Homeless Asylum Seekers,,,,,,,
2019-09-01,Seniors,17.0,2.0,0.0,5.0,0.0,0.0,0.0
2019-09-01,Veteran,8.0,2.0,0.0,1.0,0.0,0.0,0.0
2019-09-01,Veteran Chronic,2.0,,,,,,
2019-09-01,Unsheltered,205.0,12.0,10.0,29.0,9.0,11.0,5.0
2019-08-01,Total,718.0,53.0,48.0,124.0,23.0,32.0,15.0
2019-08-01,Youth,141.0,13.0,13.0,29.0,6.0,4.0,1.0
2019-08-01,Single Adults,599.0,33.0,40.0,103.0,20.0,27.0,12.0
2019-08-01,Families,49.0,6.0,4.0,6.0,1.0,3.0,1.0
2019-08-01,Indigenous,76.0,1.0,4.0,10.0,4.0,2.0,0.0
2019-08-01,Homeless Asylum Seekers,,,,,,,
2019-08-01,Seniors,16.0,1.0,0.0,4.0,0.0,1.0,1.0
2019-08-01,Veteran,8.0,0.0,0.0,1.0,0.0,1.0,0.0
2019-08-01,Veteran Chronic,2.0,,,,,,
2019-08-01,Unsheltered,209.0,8.0,19.0,22.0,13.0,10.0,3.0
2019-07-01,Total,693.0,55.0,47.0,103.0,17.0,16.0,17.0
2019-07-01,Youth,135.0,17.0,14.0,18.0,4.0,5.0,3.0
2019-07-01,Single Adults,585.0,38.0,39.0,89.0,17.0,16.0,16.0
2019-07-01,Families,48.0,6.0,5.0,6.0,0.0,0.0,1.0
2019-07-01,Indigenous,81.0,7.0,6.0,9.0,2.0,2.0,3.0
2019-07-01,Homeless Asylum Seekers,,,,,,,
2019-07-01,Seniors,18.0,2.0,3.0,2.0,0.0,0.0,1.0
2019-07-01,Veteran,9.0,2.0,2.0,0.0,0.0,0.0,0.0
2019-07-01,Veteran Chronic,4.0,,,,,,
2019-07-01,Unsheltered,209.0,9.0,20.0,31.0,6.0,6.0,7.0
2019-06-01,Total,697.0,49.0,19.0,70.0,17.0,25.0,18.0
2019-06-01,Youth,137.0,14.0,5.0,13.0,4.0,9.0,4.0
2019-06-01,Single Adults,569.0,34.0,18.0,67.0,16.0,25.0,11.0
2019-06-01,Families,53.0,7.0,0.0,2.0,1.0,0.0,3.0
2019-06-01,Indigenous,92.0,6.0,4.0,8.0,4.0,6.0,3.0
2019-06-01,Homeless Asylum Seekers,,,,,,,
2019-06-01,Seniors,22.0,3.0,0.0,3.0,0.0,1.0,0.0
2019-06-01,Veteran,10.0,0.0,0.0,0.0,0.0,1.0,0.0
2019-06-01,Veteran Chronic,4.0,,,,,,
2019-06-01,Unsheltered,196.0,3.0,5.0,20.0,9.0,3.0,6.0
2019-05-01,Total,758.0,48.0,29.0,134.0,20.0,27.0,28.0
2019-05-01,Youth,155.0,16.0,11.0,30.0,5.0,9.0,8.0
2019-05-01,Single Adults,641.0,45.0,27.0,113.0,16.0,22.0,17.0
2019-05-01,Families,46.0,2.0,1.0,9.0,2.0,2.0,5.0
2019-05-01,Indigenous,94.0,8.0,4.0,12.0,2.0,3.0,3.0
2019-05-01,Homeless Asylum Seekers,,,,,,,
2019-05-01,Seniors,23.0,3.0,0.0,4.0,0.0,1.0,1.0
2019-05-01,Veteran,10.0,1.0,0.0,2.0,0.0,0.0,2.0
2019-05-01,Veteran Chronic,4.0,,,,,,
2019-05-01,Unsheltered,179.0,2.0,8.0,26.0,9.0,4.0,4.0
2019-04-01,Total,764.0,61.0,27.0,132.0,18.0,32.0,21.0
2019-04-01,Youth,148.0,19.0,13.0,25.0,5.0,8.0,6.0
2019-04-01,Single Adults,651.0,55.0,23.0,117.0,13.0,25.0,20.0
2019-04-01,Families,46.0,4.0,3.0,7.0,2.0,5.0,0.0
2019-04-01,Indigenous,101.0,10.0,4.0,12.0,3.0,6.0,4.0
2019-04-01,Homeless Asylum Seekers,,,,,,,
2019-04-01,Seniors,24.0,2.0,1.0,8.0,1.0,0.0,0.0
2019-04-01,Veteran,10.0,1.0,0.0,3.0,0.0,0.0,0.0
2019-04-01,Veteran Chronic,2.0,,,,,,
2019-04-01,Unsheltered,140.0,5.0,6.0,22.0,6.0,2.0,2.0
2019-03-01,Total,738.0,55.0,21.0,119.0,17.0,27.0,22.0
2019-03-01,Youth,144.0,20.0,8.0,21.0,3.0,5.0,4.0
2019-03-01,Single Adults,642.0,49.0,18.0,111.0,14.0,26.0,20.0
2019-03-01,Families,40.0,3.0,2.0,4.0,0.0,0.0,1.0
2019-03-01,Indigenous,97.0,4.0,3.0,6.0,4.0,3.0,4.0
2019-03-01,Homeless Asylum Seekers,,,,,,,
2019-03-01,Seniors,18.0,1.0,0.0,3.0,0.0,0.0,1.0
2019-03-01,Veteran,7.0,0.0,0.0,0.0,0.0,0.0,0.0
2019-03-01,Veteran Chronic,2.0,,,,,,
2019-03-01,Unsheltered,107.0,4.0,6.0,8.0,6.0,3.0,5.0
2019-02-01,Total,725.0,58.0,30.0,104.0,16.0,16.0,13.0
2019-02-01,Youth,146.0,14.0,11.0,21.0,4.0,4.0,2.0
2019-02-01,Single Adults,612.0,40.0,29.0,93.0,12.0,12.0,9.0
2019-02-01,Families,44.0,7.0,0.0,5.0,1.0,1.0,1.0
2019-02-01,Indigenous,95.0,8.0,3.0,14.0,2.0,6.0,2.0
2019-02-01,Homeless Asylum Seekers,,,,,,,
2019-02-01,Seniors,16.0,1.0,0.0,2.0,0.0,0.0,1.0
2019-02-01,Veteran,10.0,1.0,0.0,1.0,0.0,0.0,0.0
2019-02-01,Veteran Chronic,2.0,,,,,,
2019-02-01,Unsheltered,96.0,3.0,8.0,10.0,2.0,2.0,2.0
2019-01-01,Total,754.0,62.0,29.0,159.0,10.0,22.0,21.0
2019-01-01,Youth,154.0,18.0,11.0,35.0,4.0,6.0,5.0
2019-01-01,Single Adults,639.0,49.0,24.0,142.0,9.0,20.0,16.0
2019-01-01,Families,43.0,5.0,2.0,7.0,0.0,2.0,2.0
2019-01-01,Indigenous,95.0,7.0,5.0,15.0,3.0,2.0,0.0
2019-01-01,Homeless Asylum Seekers,,,,,,,
2019-01-01,Seniors,18.0,1.0,1.0,4.0,0.0,0.0,0.0
2019-01-01,Veteran,12.0,2.0,0.0,5.0,0.0,0.0,1.0
2019-01-01,Veteran Chronic,2.0,,,,,,
2019-01-01,Unsheltered,96.0,0.0,6.0,21.0,2.0,3.0,2.0
