month,odsp_cases_official,odsp_beneficiaries,cases_added,cases_removed,odsp_net_change,beneficiaries_per_case
2012-04-01,9880,13537,149.0,153.0,-4.0,1.3701417004048584
2012-05-01,9931,13600,204.0,153.0,51.0,1.369449199476387
2012-06-01,9960,13666,184.0,155.0,29.0,1.3720883534136545
2012-07-01,9975,13661,168.0,153.0,15.0,1.3695238095238096
2012-08-01,10001,13761,179.0,153.0,26.0,1.375962403759624
2012-09-01,10032,13794,163.0,132.0,31.0,1.375
2012-10-01,10075,13854,200.0,157.0,43.0,1.3750868486352357
2012-11-01,10088,13869,146.0,133.0,13.0,1.3748017446471055
2012-12-01,10088,13839,143.0,143.0,0.0,1.3718279143536876
2013-01-01,10129,13916,188.0,147.0,41.0,1.373876986869385
2013-02-01,10114,13906,153.0,168.0,-15.0,1.3749258453628634
2013-03-01,10158,13942,173.0,129.0,44.0,1.372514274463477
2013-04-01,10168,13944,165.0,155.0,10.0,1.3713611329661684
2013-05-01,10183,13990,167.0,152.0,15.0,1.3738583914367082
2013-06-01,10198,14011,160.0,145.0,15.0,1.3738968425181408
2013-07-01,10253,14072,198.0,143.0,55.0,1.3724763483858382
2013-08-01,10296,14145,187.0,144.0,43.0,1.3738344988344988
2013-09-01,10367,14214,212.0,141.0,71.0,1.371081315713321
2013-10-01,10404,14264,189.0,152.0,37.0,1.3710111495578623
2013-11-01,10453,14306,188.0,139.0,49.0,1.3686023151248445
2013-12-01,10495,14365,166.0,124.0,42.0,1.3687470223916152
2014-01-01,10511,14384,155.0,139.0,16.0,1.3684711254875845
2014-02-01,10557,14445,169.0,123.0,46.0,1.3682864450127876
2014-03-01,10606,14522,178.0,129.0,49.0,1.3692249669998113
2014-04-01,10625,14530,158.0,139.0,19.0,1.3675294117647059
2014-05-01,10652,14578,159.0,132.0,27.0,1.3685692827638003
2014-06-01,10683,14629,199.0,168.0,31.0,1.3693718992792288
2014-07-01,10740,14703,206.0,149.0,57.0,1.3689944134078211
2014-08-01,10774,14735,178.0,144.0,34.0,1.3676443289400408
2014-09-01,10817,14781,205.0,162.0,43.0,1.3664602015346214
2014-10-01,10867,14847,217.0,167.0,50.0,1.3662464341584615
2014-11-01,11134,15233,397.0,220.0,177.0,1.3681516076881624
2014-12-01,11005,15067,178.0,377.0,-199.0,1.3691049522944116
2015-01-01,10998,15022,176.0,196.0,-20.0,1.3658847063102382
2015-02-01,11000,15052,209.0,158.0,51.0,1.3683636363636364
2015-03-01,11056,15140,233.0,131.0,102.0,1.3693921852387845
2015-04-01,11066,15150,177.0,145.0,32.0,1.3690583770106632
2015-05-01,11002,15042,165.0,189.0,-24.0,1.3672059625522632
2015-06-01,11061,15115,246.0,153.0,93.0,1.3665129735105326
2015-07-01,11131,15207,232.0,161.0,71.0,1.3661845296918516
2015-08-01,11073,15108,190.0,189.0,1.0,1.3643998916282851
2015-09-01,11184,15292,256.0,171.0,85.0,1.367310443490701
2015-10-01,11202,15301,191.0,172.0,19.0,1.3659168005713265
2015-11-01,11155,15224,199.0,239.0,-40.0,1.364769161810847
2015-12-01,11254,15373,217.0,128.0,89.0,1.3660031988626267
2016-01-01,11203,15255,182.0,215.0,-33.0,1.3616888333482102
2016-02-01,11288,15372,247.0,155.0,92.0,1.3618001417434444
2016-03-01,11324,15413,202.0,124.0,78.0,1.3610914871070292
2016-04-01,11325,15412,197.0,313.0,-116.0,1.3608830022075056
2016-05-01,11347,15463,246.0,224.0,22.0,1.3627390499691547
2016-06-01,11422,15568,229.0,154.0,75.0,1.362983715636491
2016-07-01,11380,15454,188.0,230.0,-42.0,1.3579964850615114
2016-08-01,11487,15574,277.0,170.0,107.0,1.355793505702098
2016-09-01,11514,15652,236.0,209.0,27.0,1.359388570435991
2016-10-01,11510,15633,212.0,216.0,-4.0,1.3582102519548218
2016-11-01,11640,15849,285.0,155.0,130.0,1.36159793814433
2016-12-01,11691,15925,229.0,178.0,51.0,1.3621589256693183
2017-01-01,11643,15823,191.0,239.0,-48.0,1.359013999828223
2017-02-01,11795,16095,305.0,153.0,152.0,1.3645612547689698
2017-03-01,11838,16162,213.0,170.0,43.0,1.3652644027707384
2017-04-01,11772,16053,171.0,237.0,-66.0,1.3636595310907238
2017-05-01,11946,16337,334.0,160.0,174.0,1.3675707349740498
2017-06-01,11946,16322,209.0,209.0,0.0,1.3663150845471288
2017-07-01,11887,16199,202.0,261.0,-59.0,1.3627492218389838
2017-08-01,11987,16412,299.0,199.0,100.0,1.3691499124051056
2017-09-01,11988,16390,240.0,239.0,1.0,1.3672005338672006
2017-10-01,12031,16438,256.0,213.0,43.0,1.3663037154018784
2017-11-01,12140,16624,282.0,173.0,109.0,1.369357495881384
2017-12-01,12151,16600,217.0,206.0,11.0,1.3661427043041725
2018-01-01,12163,16646,264.0,252.0,12.0,1.3685768313738387
2018-02-01,12239,16789,252.0,176.0,76.0,1.3717623988887981
2018-03-01,12308,16870,224.0,155.0,69.0,1.3706532336691584
2018-04-01,12242,16716,213.0,279.0,-66.0,1.365463159614442
2018-05-01,12419,17028,402.0,225.0,177.0,1.371124889282551
2018-06-01,12443,17038,244.0,220.0,24.0,1.3692839347424255
2018-07-01,12456,17089,267.0,254.0,13.0,1.3719492614001285
2018-08-01,12542,17227,293.0,207.0,86.0,1.3735448891723807
2018-09-01,12477,17108,223.0,288.0,-65.0,1.371162939809249
2018-10-01,12661,17403,364.0,180.0,184.0,1.37453597662112
2018-11-01,12700,17447,218.0,179.0,39.0,1.3737795275590552
2018-12-01,12607,17290,169.0,262.0,-93.0,1.3714602998334258
2019-01-01,12724,17491,335.0,218.0,117.0,1.3746463376296763
2019-02-01,12728,17528,242.0,238.0,4.0,1.3771213073538655
2019-03-01,12783,17615,258.0,203.0,55.0,1.3780020339513417
2019-04-01,12742,17578,192.0,233.0,-41.0,1.3795322555328833
2019-05-01,12800,17646,269.0,211.0,58.0,1.37859375
2019-06-01,12680,17461,188.0,308.0,-120.0,1.37705047318612
2019-07-01,12858,17753,379.0,201.0,178.0,1.3806968424327266
2019-08-01,13039,18005,362.0,181.0,181.0,1.3808574277168495
2019-09-01,12825,17678,223.0,437.0,-214.0,1.378401559454191
2019-10-01,12976,17928,333.0,182.0,151.0,1.3816276202219482
2019-11-01,12907,17793,198.0,267.0,-69.0,1.378554272875184
2019-12-01,12882,17748,223.0,248.0,-25.0,1.3777363763390778
2020-01-01,12930,17819,270.0,222.0,48.0,1.3781129156999226
2020-02-01,12888,17750,229.0,271.0,-42.0,1.377250155183116
2020-03-01,13014,17976,299.0,173.0,126.0,1.3812816966343937
2020-04-01,13035,17985,176.0,155.0,21.0,1.379746835443038
2020-05-01,12913,17820,155.0,277.0,-122.0,1.380004646480291
2020-06-01,12914,17825,271.0,270.0,1.0,1.3802849620566826
2020-07-01,12925,17854,217.0,206.0,11.0,1.3813539651837523
2020-08-01,12822,17707,198.0,301.0,-103.0,1.380985805646545
2020-09-01,12908,17861,320.0,234.0,86.0,1.3837155252556554
2020-10-01,12869,17834,229.0,268.0,-39.0,1.3858108633149429
2020-11-01,12743,17619,218.0,344.0,-126.0,1.3826414502079574
2020-12-01,12829,17773,272.0,186.0,86.0,1.3853768805051057
2021-01-01,12703,17517,177.0,303.0,-126.0,1.3789655986774778
2021-02-01,12847,17748,328.0,184.0,144.0,1.381489841986456
2021-03-01,12850,17754,205.0,202.0,3.0,1.3816342412451361
2021-04-01,12838,17729,197.0,209.0,-12.0,1.380978345536688
2021-05-01,12738,17568,196.0,296.0,-100.0,1.3791804050871408
2021-06-01,12854,17746,323.0,207.0,116.0,1.380581920024895
2021-07-01,12817,17659,210.0,247.0,-37.0,1.3777795115861746
2021-08-01,12731,17538,213.0,299.0,-86.0,1.3775822794752965
2021-09-01,12823,17692,312.0,220.0,92.0,1.379708336582703
2021-10-01,12800,17622,214.0,237.0,-23.0,1.37671875
2021-11-01,12756,17551,239.0,283.0,-44.0,1.3759015365318281
2021-12-01,12836,17629,274.0,194.0,80.0,1.3734029292614522
2022-01-01,12648,17375,189.0,377.0,-188.0,1.3737349778621126
2022-02-01,12825,17619,354.0,177.0,177.0,1.3738011695906434
2022-03-01,12844,17652,217.0,198.0,19.0,1.3743382123948926
2022-04-01,12813,17580,200.0,231.0,-31.0,1.3720440177944275
2022-05-01,12785,17552,240.0,268.0,-28.0,1.3728588189284316
2022-06-01,12852,17664,261.0,194.0,67.0,1.3744164332399627
2022-07-01,12707,17416,182.0,327.0,-145.0,1.3705831431494453
2022-08-01,12798,17595,312.0,221.0,91.0,1.3748241912798875
2022-09-01,12792,17576,232.0,238.0,-6.0,1.3739837398373984
2022-10-01,12647,17325,204.0,349.0,-145.0,1.3698900925120583
2022-11-01,12763,17503,335.0,219.0,116.0,1.3713860377654157
2022-12-01,12772,17557,200.0,191.0,9.0,1.3746476667710616
2023-01-01,12579,17262,213.0,406.0,-193.0,1.3722871452420702
2023-02-01,12738,17511,342.0,183.0,159.0,1.3747056052755535
2023-03-01,12763,17517,249.0,224.0,25.0,1.3724829585520646
2023-04-01,12681,17378,201.0,283.0,-82.0,1.3703966564151093
2023-05-01,12843,17632,351.0,189.0,162.0,1.3728879545277584
2023-06-01,12855,17651,220.0,208.0,12.0,1.3730844029560483
2023-07-01,12736,17439,211.0,330.0,-119.0,1.369268216080402
2023-08-01,12886,17698,367.0,217.0,150.0,1.3734285270836566
2023-09-01,12854,17578,209.0,241.0,-32.0,1.3675120585031897
2023-10-01,12891,17621,257.0,220.0,37.0,1.3669226592196106
2023-11-01,12961,17704,272.0,202.0,70.0,1.3659439858035645
2023-12-01,12946,17647,201.0,216.0,-15.0,1.3631237447860343
2024-01-01,12882,17567,278.0,342.0,-64.0,1.363685763080267
2024-02-01,13012,17774,315.0,185.0,130.0,1.3659698739624961
2024-03-01,12974,17733,208.0,246.0,-38.0,1.3668105441652536
2024-04-01,13002,17779,271.0,243.0,28.0,1.3674050146131365
2024-05-01,13146,18009,327.0,183.0,144.0,1.369922409858512
2024-06-01,13029,17816,224.0,341.0,-117.0,1.3674111597206233
2024-07-01,12645,17355,335.0,719.0,-384.0,1.3724792408066429
2024-08-01,13219,18109,762.0,188.0,574.0,1.3699220818518798
2024-09-01,13152,17999,193.0,260.0,-67.0,1.3685371046228711
2024-10-01,13256,18161,317.0,213.0,104.0,1.3700211225105612
2024-11-01,13248,18115,219.0,227.0,-8.0,1.3673762077294687
2024-12-01,13249,18086,238.0,237.0,1.0,1.3650841572948902
2025-01-01,13293,18165,258.0,214.0,44.0,1.3665086887835702
2025-02-01,13258,18116,210.0,245.0,-35.0,1.3664202745512144
2025-03-01,13361,18241,274.0,171.0,103.0,1.3652421225956142
2025-04-01,13802,18853,623.0,182.0,441.0,1.3659614548616144
2025-05-01,13433,18399,254.0,623.0,-369.0,1.3696865927194224
2025-06-01,13303,18146,216.0,346.0,-130.0,1.3640532210779523
2025-07-01,13463,18392,354.0,194.0,160.0,1.3661145361360767
2025-08-01,13398,18309,178.0,243.0,-65.0,1.3665472458575907
2025-09-01,13426,18349,268.0,240.0,28.0,1.3666765976463577
2025-10-01,13503,18449,304.0,227.0,77.0,1.3662889728208547
2025-11-01,13347,18144,194.0,350.0,-156.0,1.3594066082265677
2025-12-01,13481,18387,311.0,177.0,134.0,1.3639195905348267
2026-01-01,13410,18236,204.0,275.0,-71.0,1.3598806860551826
2026-02-01,13473,18295,302.0,239.0,63.0,1.3579009871595042
2026-03-01,13594,18487,,,,1.3599382080329556
2026-04-01,13672,18585,208.0,141.0,67.0,1.3593475716793446
2026-05-01,13689,18552,223.0,219.0,4.0,1.3552487398641244
2026-06-01,13703,18558,235.0,226.0,9.0,1.3543019776691236
