month,ow_cases_official,ow_beneficiaries,cases_added,cases_removed,ow_net_change,beneficiaries_per_case
2012-04-01,8718,16040,500,657,-157,1.8398715301674695
2012-05-01,8851,16246,792,665,127,1.835498813693368
2012-06-01,8742,16089,610,718,-108,1.8404255319148937
2012-07-01,8675,16010,612,678,-66,1.8455331412103746
2012-08-01,8721,16137,673,635,38,1.850361197110423
2012-09-01,8567,15895,567,724,-157,1.855375277226567
2012-10-01,8330,15390,618,855,-237,1.8475390156062426
2012-11-01,8350,15443,707,669,38,1.8494610778443115
2012-12-01,8463,15500,691,575,116,1.8315018315018314
2013-01-01,8576,15580,632,528,104,1.8166977611940298
2013-02-01,8563,15531,631,644,-13,1.8137335046128693
2013-03-01,8516,15414,539,604,-65,1.8100046970408643
2013-04-01,8533,15417,588,581,7,1.806750263682175
2013-05-01,8659,15731,670,539,131,1.816722485275436
2013-06-01,8599,15668,579,623,-44,1.8220723339923246
2013-07-01,8480,15532,526,633,-107,1.8316037735849056
2013-08-01,8473,15597,597,602,-5,1.840788386639915
2013-09-01,8352,15403,553,668,-115,1.8442289272030652
2013-10-01,8176,14992,562,731,-169,1.8336594911937378
2013-11-01,8205,14994,583,571,12,1.8274223034734918
2013-12-01,8143,14838,570,625,-55,1.8221785582709076
2014-01-01,8318,15150,659,479,180,1.8213512863669152
2014-02-01,8379,15185,566,516,50,1.8122687671559852
2014-03-01,8417,15200,549,527,22,1.8058690744920993
2014-04-01,8550,15385,565,444,121,1.7994152046783625
2014-05-01,8620,15650,594,542,52,1.8155452436194897
2014-06-01,8543,15573,536,610,-74,1.8228959381950134
2014-07-01,8457,15391,497,596,-99,1.8199124985219346
2014-08-01,8335,15250,495,603,-108,1.8296340731853629
2014-09-01,8226,15114,531,636,-105,1.837345003646973
2014-10-01,8084,14811,569,704,-135,1.8321375556655122
2014-11-01,7981,14550,724,615,109,1.823079814559579
2014-12-01,8022,14577,622,502,120,1.8171278982797308
2015-01-01,8257,14896,639,518,121,1.8040450526825724
2015-02-01,8270,14928,691,551,140,1.8050785973397823
2015-03-01,8391,15071,582,508,74,1.7960910499344536
2015-04-01,8460,15264,565,454,111,1.804255319148936
2015-05-01,8579,15546,578,475,103,1.8120993122741578
2015-06-01,8548,15502,706,695,11,1.813523631258774
2015-07-01,8536,15539,534,562,-28,1.8204076850984068
2015-08-01,8559,15608,542,559,-17,1.823577520738404
2015-09-01,8399,15287,582,729,-147,1.8200976306703178
2015-10-01,8394,15239,552,621,-69,1.81546342625685
2015-11-01,8382,15179,563,602,-39,1.8109043187783345
2015-12-01,8310,15004,544,600,-56,1.8055354993983153
2016-01-01,8495,15235,618,550,68,1.7934078869923484
2016-02-01,8540,15244,576,555,21,1.7850117096018736
2016-03-01,8667,15413,620,519,101,1.7783546786662052
2016-04-01,8640,15356,578,645,-67,1.7773148148148148
2016-05-01,8665,15447,649,624,25,1.7826889786497404
2016-06-01,8732,15633,625,558,67,1.7903114979386165
2016-07-01,8755,15691,562,539,23,1.7922330097087378
2016-08-01,8620,15513,568,703,-135,1.7996519721577726
2016-09-01,8690,15644,650,580,70,1.8002301495972381
2016-10-01,8602,15476,955,1043,-88,1.7991164845384795
2016-11-01,8616,15477,857,843,14,1.7963091922005572
2016-12-01,8693,15601,599,522,77,1.7946623720234671
2017-01-01,8761,15916,662,594,68,1.8166875927405548
2017-02-01,8891,16297,672,542,130,1.8329771679226183
2017-03-01,9055,16720,713,549,164,1.846493649917173
2017-04-01,9092,16848,515,478,37,1.8530576330840298
2017-05-01,9183,17025,679,588,91,1.853969291081346
2017-06-01,9171,17103,836,848,-12,1.8649002289826628
2017-07-01,9148,17111,563,586,-23,1.870463489287276
2017-08-01,9209,17284,1047,986,61,1.8768595938755566
2017-09-01,9164,17263,627,672,-45,1.8837843736359667
2017-10-01,9089,17128,637,712,-75,1.8844757399053802
2017-11-01,9154,17309,685,620,65,1.8908673803801617
2017-12-01,9186,17512,677,645,32,1.9063792728064446
2018-01-01,9239,17519,768,715,53,1.8962008875419418
2018-02-01,9329,17703,761,671,90,1.8976310429842427
2018-03-01,9230,17567,720,819,-99,1.9032502708559047
2018-04-01,9242,17604,944,932,12,1.904782514607228
2018-05-01,9341,17791,1056,957,99,1.9046140670163794
2018-06-01,9372,17966,751,720,31,1.916986769099445
2018-07-01,9293,17787,1108,1187,-79,1.9140213063596254
2018-08-01,9395,18110,712,610,102,1.9276210750399148
2018-09-01,9242,17801,730,883,-153,1.9260982471326553
2018-10-01,9052,17366,875,1065,-190,1.9184710561201945
2018-11-01,9128,17543,810,734,76,1.921888694127958
2018-12-01,9079,17350,642,691,-49,1.9110034144729595
2019-01-01,9137,17353,910,852,58,1.8992010506730874
2019-02-01,9173,17440,723,687,36,1.9012318761582907
2019-03-01,9063,17176,554,664,-110,1.8951781970649895
2019-04-01,9133,17353,613,543,70,1.9000328479141575
2019-05-01,9255,17641,822,700,122,1.9061048082117775
2019-06-01,9243,17637,584,596,-12,1.90814670561506
2019-07-01,9157,17522,777,863,-86,1.9135087910887845
2019-08-01,9232,17665,713,638,75,1.913453206239168
2019-09-01,9088,17512,666,810,-144,1.9269366197183098
2019-10-01,9006,17345,2106,2188,-82,1.9259382633799689
2019-11-01,9081,17482,2168,2093,75,1.925118379033146
2019-12-01,9094,17393,624,611,13,1.912579722894216
2020-01-01,9340,17874,801,555,246,1.9137044967880086
2020-02-01,9335,17787,631,636,-5,1.9054097482592394
2020-03-01,9457,17873,802,680,122,1.889922808501639
2020-04-01,9786,18502,634,305,329,1.8906601267116288
2020-05-01,9281,17723,256,761,-505,1.909600258592824
2020-06-01,8914,17084,238,605,-367,1.9165357864034103
2020-07-01,8765,16955,309,458,-149,1.9343981745579006
2020-08-01,8520,16600,235,480,-245,1.948356807511737
2020-09-01,8215,16108,336,641,-305,1.9608034083992696
2020-10-01,8243,16272,506,478,28,1.9740385781875531
2020-11-01,8148,16093,665,760,-95,1.975085910652921
2020-12-01,7990,15704,379,537,-158,1.9654568210262828
2021-01-01,7996,15690,493,487,6,1.962231115557779
2021-02-01,7803,15304,357,550,-193,1.9612969370754838
2021-03-01,7815,15363,523,511,12,1.965834932821497
2021-04-01,7588,14919,424,651,-227,1.9661307327358988
2021-05-01,7466,14627,506,628,-122,1.9591481382266274
2021-06-01,7302,14245,388,552,-164,1.9508353875650506
2021-07-01,7239,14162,596,659,-63,1.9563475618179307
2021-08-01,7224,14110,357,372,-15,1.9532115171650055
2021-09-01,7073,13783,384,535,-151,1.9486780715396579
2021-10-01,7192,13926,541,422,119,1.9363181312569522
2021-11-01,7369,14058,701,524,177,1.9077215361650155
2021-12-01,7623,14500,788,534,254,1.9021382657746295
2022-01-01,7760,14713,624,487,137,1.8960051546391752
2022-02-01,7758,14574,628,630,-2,1.8785769528228924
2022-03-01,7951,14843,680,487,193,1.8668092063891335
2022-04-01,7894,14752,524,581,-57,1.8687610843678744
2022-05-01,7898,14754,507,503,4,1.86806786528235
2022-06-01,7985,14954,604,517,87,1.8727614276768942
2022-07-01,7981,15004,453,457,-4,1.8799649166771082
2022-08-01,7961,14945,560,580,-20,1.8772767240296446
2022-09-01,8028,15058,573,506,67,1.8756851021425012
2022-10-01,7908,14835,468,588,-120,1.875948406676783
2022-11-01,7897,14746,550,561,-11,1.867291376472078
2022-12-01,8001,14889,652,548,104,1.8608923884514437
2023-01-01,8126,15037,1010,885,125,1.850479940930347
2023-02-01,8133,15026,567,560,7,1.847534735030124
2023-03-01,8288,15286,720,565,155,1.844353281853282
2023-04-01,8285,15275,507,510,-3,1.843693421846711
2023-05-01,8374,15299,734,645,89,1.8269644136613328
2023-06-01,8451,15475,798,721,77,1.8311442432848184
2023-07-01,8521,15568,718,648,70,1.8270156084966553
2023-08-01,8512,15475,704,713,-9,1.8180216165413534
2023-09-01,8577,15549,932,867,65,1.812871633438265
2023-10-01,8529,15365,961,1009,-48,1.8015007621057568
2023-11-01,8708,15541,757,578,179,1.784680753330271
2023-12-01,8794,15707,604,518,86,1.7861041619285876
2024-01-01,8940,15880,912,766,146,1.7762863534675615
2024-02-01,9080,16077,955,815,140,1.7705947136563878
2024-03-01,9084,16068,690,686,4,1.7688243064729194
2024-04-01,9159,16149,750,675,75,1.7631837536849
2024-05-01,9283,16413,899,775,124,1.7680706668102983
2024-06-01,9418,16655,795,660,135,1.768422170312168
2024-07-01,9523,16822,893,788,105,1.7664601491126746
2024-08-01,9823,17378,1199,899,300,1.7691133055074824
2024-09-01,9822,17310,803,804,-1,1.7623701893708001
2024-10-01,9880,17351,905,847,58,1.756174089068826
2024-11-01,9968,17512,784,696,88,1.7568218298555378
2024-12-01,9926,17403,620,662,-42,1.7532742292967962
2025-01-01,10163,17761,1026,789,237,1.7476138935353733
2025-02-01,10135,17702,849,877,-28,1.746620621608288
2025-03-01,10148,17703,804,791,13,1.744481671265274
2025-04-01,10222,17805,905,831,74,1.7418313441596556
2025-05-01,10447,18231,914,689,225,1.7450942854407965
2025-06-01,10527,18279,820,740,80,1.7363921345112567
2025-07-01,10690,18599,900,737,163,1.7398503274087933
2025-08-01,10779,18631,880,791,89,1.7284534743482698
2025-09-01,10702,18454,913,990,-77,1.7243505886750141
2025-10-01,10731,18468,984,955,29,1.7209952474140342
2025-11-01,10737,18412,778,772,6,1.7148179193443234
2025-12-01,10665,18375,841,913,-72,1.7229254571026722
2026-01-01,10884,18742,881,662,219,1.7219772142594634
2026-02-01,10805,18604,800,879,-79,1.7217954650624712
2026-03-01,10925,18735,0,0,0,1.7148741418764302
2026-04-01,10839,18702,585,678,-93,1.7254359258234155
2026-05-01,10827,18708,678,683,-5,1.7279024660570794
2026-06-01,10545,18223,503,798,-295,1.728117591275486
