origin,target_month,horizon,model,actual,predicted
2022-01-01,2022-02-01,1,Holt-Winters (damped) [reference],24719,24561.947916066998
2022-01-01,2022-02-01,1,Seasonal Naive [reference],24719,25061.0
2022-01-01,2022-02-01,1,Naive [reference],24719,21413.0
2022-01-01,2022-02-01,1,Ridge Regression (10 Indicators),24719,25474.783711028944
2022-01-01,2022-03-01,2,Holt-Winters (damped) [reference],31052,26040.20474675925
2022-01-01,2022-03-01,2,Seasonal Naive [reference],31052,30229.0
2022-01-01,2022-03-01,2,Naive [reference],31052,21413.0
2022-01-01,2022-03-01,2,Ridge Regression (10 Indicators),31052,26341.547922518814
2022-01-01,2022-04-01,3,Holt-Winters (damped) [reference],27436,25140.078196148315
2022-01-01,2022-04-01,3,Seasonal Naive [reference],27436,27723.0
2022-01-01,2022-04-01,3,Naive [reference],27436,21413.0
2022-01-01,2022-04-01,3,Ridge Regression (10 Indicators),27436,24248.144106023647
2022-02-01,2022-03-01,1,Holt-Winters (damped) [reference],31052,26010.814601925616
2022-02-01,2022-03-01,1,Seasonal Naive [reference],31052,30229.0
2022-02-01,2022-03-01,1,Naive [reference],31052,24719.0
2022-02-01,2022-03-01,1,Ridge Regression (10 Indicators),31052,25847.232417377127
2022-02-01,2022-04-01,2,Holt-Winters (damped) [reference],27436,25121.39366942911
2022-02-01,2022-04-01,2,Seasonal Naive [reference],27436,27723.0
2022-02-01,2022-04-01,2,Naive [reference],27436,24719.0
2022-02-01,2022-04-01,2,Ridge Regression (10 Indicators),27436,23921.101463726267
2022-02-01,2022-05-01,3,Holt-Winters (damped) [reference],29218,24931.081779466567
2022-02-01,2022-05-01,3,Seasonal Naive [reference],29218,26961.0
2022-02-01,2022-05-01,3,Naive [reference],29218,24719.0
2022-02-01,2022-05-01,3,Ridge Regression (10 Indicators),29218,22544.168516623984
2022-03-01,2022-04-01,1,Holt-Winters (damped) [reference],27436,28916.690038906898
2022-03-01,2022-04-01,1,Seasonal Naive [reference],27436,27723.0
2022-03-01,2022-04-01,1,Naive [reference],27436,31052.0
2022-03-01,2022-04-01,1,Ridge Regression (10 Indicators),27436,27666.651712697178
2022-03-01,2022-05-01,2,Holt-Winters (damped) [reference],29218,29475.72280338196
2022-03-01,2022-05-01,2,Seasonal Naive [reference],29218,26961.0
2022-03-01,2022-05-01,2,Naive [reference],29218,31052.0
2022-03-01,2022-05-01,2,Ridge Regression (10 Indicators),29218,25472.979811662633
2022-03-01,2022-06-01,3,Holt-Winters (damped) [reference],33199,29137.10340704768
2022-03-01,2022-06-01,3,Seasonal Naive [reference],33199,28912.0
2022-03-01,2022-06-01,3,Naive [reference],33199,31052.0
2022-03-01,2022-06-01,3,Ridge Regression (10 Indicators),33199,24664.50704301858
2022-04-01,2022-05-01,1,Holt-Winters (damped) [reference],29218,28885.873237895063
2022-04-01,2022-05-01,1,Seasonal Naive [reference],29218,26961.0
2022-04-01,2022-05-01,1,Naive [reference],29218,27436.0
2022-04-01,2022-05-01,1,Ridge Regression (10 Indicators),29218,25415.581342657435
2022-04-01,2022-06-01,2,Holt-Winters (damped) [reference],33199,28590.13830238129
2022-04-01,2022-06-01,2,Seasonal Naive [reference],33199,28912.0
2022-04-01,2022-06-01,2,Naive [reference],33199,27436.0
2022-04-01,2022-06-01,2,Ridge Regression (10 Indicators),33199,24577.238662905293
2022-04-01,2022-07-01,3,Holt-Winters (damped) [reference],30405,28467.743027389384
2022-04-01,2022-07-01,3,Seasonal Naive [reference],30405,28025.0
2022-04-01,2022-07-01,3,Naive [reference],30405,27436.0
2022-04-01,2022-07-01,3,Ridge Regression (10 Indicators),30405,22874.412980640234
2022-05-01,2022-06-01,1,Holt-Winters (damped) [reference],33199,28515.698986433996
2022-05-01,2022-06-01,1,Seasonal Naive [reference],33199,28912.0
2022-05-01,2022-06-01,1,Naive [reference],33199,29218.0
2022-05-01,2022-06-01,1,Ridge Regression (10 Indicators),33199,26374.977551492913
2022-05-01,2022-07-01,2,Holt-Winters (damped) [reference],30405,28162.072261167305
2022-05-01,2022-07-01,2,Seasonal Naive [reference],30405,28025.0
2022-05-01,2022-07-01,2,Naive [reference],30405,29218.0
2022-05-01,2022-07-01,2,Ridge Regression (10 Indicators),30405,24756.69126315928
2022-05-01,2022-08-01,3,Holt-Winters (damped) [reference],33811,28067.16658259248
2022-05-01,2022-08-01,3,Seasonal Naive [reference],33811,30224.0
2022-05-01,2022-08-01,3,Naive [reference],33811,29218.0
2022-05-01,2022-08-01,3,Ridge Regression (10 Indicators),33811,24739.624238789052
2022-06-01,2022-07-01,1,Holt-Winters (damped) [reference],30405,30098.13765410989
2022-06-01,2022-07-01,1,Seasonal Naive [reference],30405,28025.0
2022-06-01,2022-07-01,1,Naive [reference],30405,33199.0
2022-06-01,2022-07-01,1,Ridge Regression (10 Indicators),30405,28734.77673113563
2022-06-01,2022-08-01,2,Holt-Winters (damped) [reference],33811,30391.351637925865
2022-06-01,2022-08-01,2,Seasonal Naive [reference],33811,30224.0
2022-06-01,2022-08-01,2,Naive [reference],33811,33199.0
2022-06-01,2022-08-01,2,Ridge Regression (10 Indicators),33811,28562.398503508957
2022-06-01,2022-09-01,3,Holt-Winters (damped) [reference],34266,31675.3738147639
2022-06-01,2022-09-01,3,Seasonal Naive [reference],34266,31899.0
2022-06-01,2022-09-01,3,Naive [reference],34266,33199.0
2022-06-01,2022-09-01,3,Ridge Regression (10 Indicators),34266,30488.370350914378
2022-07-01,2022-08-01,1,Holt-Winters (damped) [reference],33811,30493.848028173845
2022-07-01,2022-08-01,1,Seasonal Naive [reference],33811,30224.0
2022-07-01,2022-08-01,1,Naive [reference],33811,30405.0
2022-07-01,2022-08-01,1,Ridge Regression (10 Indicators),33811,29278.985334368645
2022-07-01,2022-09-01,2,Holt-Winters (damped) [reference],34266,31779.652507319628
2022-07-01,2022-09-01,2,Seasonal Naive [reference],34266,31899.0
2022-07-01,2022-09-01,2,Naive [reference],34266,30405.0
2022-07-01,2022-09-01,2,Ridge Regression (10 Indicators),34266,31100.35980030066
2022-07-01,2022-10-01,3,Holt-Winters (damped) [reference],33128,32459.86342141879
2022-07-01,2022-10-01,3,Seasonal Naive [reference],33128,29641.0
2022-07-01,2022-10-01,3,Naive [reference],33128,30405.0
2022-07-01,2022-10-01,3,Ridge Regression (10 Indicators),33128,29560.4836608899
2022-08-01,2022-09-01,1,Holt-Winters (damped) [reference],34266,32556.24763787063
2022-08-01,2022-09-01,1,Seasonal Naive [reference],34266,31899.0
2022-08-01,2022-09-01,1,Naive [reference],34266,33811.0
2022-08-01,2022-09-01,1,Ridge Regression (10 Indicators),34266,32821.792995517746
2022-08-01,2022-10-01,2,Holt-Winters (damped) [reference],33128,34476.370414233854
2022-08-01,2022-10-01,2,Seasonal Naive [reference],33128,29641.0
2022-08-01,2022-10-01,2,Naive [reference],33128,33811.0
2022-08-01,2022-10-01,2,Ridge Regression (10 Indicators),33128,31670.996171709092
2022-08-01,2022-11-01,3,Holt-Winters (damped) [reference],37554,35390.28299093257
2022-08-01,2022-11-01,3,Seasonal Naive [reference],37554,29315.0
2022-08-01,2022-11-01,3,Naive [reference],37554,33811.0
2022-08-01,2022-11-01,3,Ridge Regression (10 Indicators),37554,31726.32146237726
2022-09-01,2022-10-01,1,Holt-Winters (damped) [reference],33128,35405.87149748685
2022-09-01,2022-10-01,1,Seasonal Naive [reference],33128,29641.0
2022-09-01,2022-10-01,1,Naive [reference],33128,34266.0
2022-09-01,2022-10-01,1,Ridge Regression (10 Indicators),33128,32240.794232624903
2022-09-01,2022-11-01,2,Holt-Winters (damped) [reference],37554,36345.41714577722
2022-09-01,2022-11-01,2,Seasonal Naive [reference],37554,29315.0
2022-09-01,2022-11-01,2,Naive [reference],37554,34266.0
2022-09-01,2022-11-01,2,Ridge Regression (10 Indicators),37554,32318.89488259864
2022-09-01,2022-12-01,3,Holt-Winters (damped) [reference],33209,32315.874994594476
2022-09-01,2022-12-01,3,Seasonal Naive [reference],33209,26427.0
2022-09-01,2022-12-01,3,Naive [reference],33209,34266.0
2022-09-01,2022-12-01,3,Ridge Regression (10 Indicators),33209,32357.05866142312
2022-10-01,2022-11-01,1,Holt-Winters (damped) [reference],37554,34956.93064403769
2022-10-01,2022-11-01,1,Seasonal Naive [reference],37554,29315.0
2022-10-01,2022-11-01,1,Naive [reference],37554,33128.0
2022-10-01,2022-11-01,1,Ridge Regression (10 Indicators),37554,32600.31843796708
2022-10-01,2022-12-01,2,Holt-Winters (damped) [reference],33209,30815.295087442682
2022-10-01,2022-12-01,2,Seasonal Naive [reference],33209,26427.0
2022-10-01,2022-12-01,2,Naive [reference],33209,33128.0
2022-10-01,2022-12-01,2,Ridge Regression (10 Indicators),33209,32705.56873478143
2022-10-01,2023-01-01,3,Holt-Winters (damped) [reference],34802,32977.53559706591
2022-10-01,2023-01-01,3,Seasonal Naive [reference],34802,21413.0
2022-10-01,2023-01-01,3,Naive [reference],34802,33128.0
2022-10-01,2023-01-01,3,Ridge Regression (10 Indicators),34802,29255.434285570118
2022-11-01,2022-12-01,1,Holt-Winters (damped) [reference],33209,32268.73038277989
2022-11-01,2022-12-01,1,Seasonal Naive [reference],33209,26427.0
2022-11-01,2022-12-01,1,Naive [reference],33209,37554.0
2022-11-01,2022-12-01,1,Ridge Regression (10 Indicators),33209,34493.10576503889
2022-11-01,2023-01-01,2,Holt-Winters (damped) [reference],34802,32642.29852917725
2022-11-01,2023-01-01,2,Seasonal Naive [reference],34802,21413.0
2022-11-01,2023-01-01,2,Naive [reference],34802,37554.0
2022-11-01,2023-01-01,2,Ridge Regression (10 Indicators),34802,30623.36406957762
2022-11-01,2023-02-01,3,Holt-Winters (damped) [reference],36525,33292.643575611415
2022-11-01,2023-02-01,3,Seasonal Naive [reference],36525,24719.0
2022-11-01,2023-02-01,3,Naive [reference],36525,37554.0
2022-11-01,2023-02-01,3,Ridge Regression (10 Indicators),36525,32862.44346890123
2022-12-01,2023-01-01,1,Holt-Winters (damped) [reference],34802,35150.86584724575
2022-12-01,2023-01-01,1,Seasonal Naive [reference],34802,21413.0
2022-12-01,2023-01-01,1,Naive [reference],34802,33209.0
2022-12-01,2023-01-01,1,Ridge Regression (10 Indicators),34802,30026.14152180336
2022-12-01,2023-02-01,2,Holt-Winters (damped) [reference],36525,34899.09318295955
2022-12-01,2023-02-01,2,Seasonal Naive [reference],36525,24719.0
2022-12-01,2023-02-01,2,Naive [reference],36525,33209.0
2022-12-01,2023-02-01,2,Ridge Regression (10 Indicators),36525,32198.446442142184
2022-12-01,2023-03-01,3,Holt-Winters (damped) [reference],43131,37243.68544806613
2022-12-01,2023-03-01,3,Seasonal Naive [reference],43131,31052.0
2022-12-01,2023-03-01,3,Naive [reference],43131,33209.0
2022-12-01,2023-03-01,3,Ridge Regression (10 Indicators),43131,34928.156426943824
2023-01-01,2023-02-01,1,Holt-Winters (damped) [reference],36525,34536.6674518432
2023-01-01,2023-02-01,1,Seasonal Naive [reference],36525,24719.0
2023-01-01,2023-02-01,1,Naive [reference],36525,34802.0
2023-01-01,2023-02-01,1,Ridge Regression (10 Indicators),36525,34338.37733819519
2023-01-01,2023-03-01,2,Holt-Winters (damped) [reference],43131,38181.82873034339
2023-01-01,2023-03-01,2,Seasonal Naive [reference],43131,31052.0
2023-01-01,2023-03-01,2,Naive [reference],43131,34802.0
2023-01-01,2023-03-01,2,Ridge Regression (10 Indicators),43131,36741.44091577975
2023-01-01,2023-04-01,3,Holt-Winters (damped) [reference],38065,37307.9165910873
2023-01-01,2023-04-01,3,Seasonal Naive [reference],38065,27436.0
2023-01-01,2023-04-01,3,Naive [reference],38065,34802.0
2023-01-01,2023-04-01,3,Ridge Regression (10 Indicators),38065,36191.084924570154
2023-02-01,2023-03-01,1,Holt-Winters (damped) [reference],43131,39196.17066683154
2023-02-01,2023-03-01,1,Seasonal Naive [reference],43131,31052.0
2023-02-01,2023-03-01,1,Naive [reference],43131,36525.0
2023-02-01,2023-03-01,1,Ridge Regression (10 Indicators),43131,37474.824846551775
2023-02-01,2023-04-01,2,Holt-Winters (damped) [reference],38065,38360.81554168135
2023-02-01,2023-04-01,2,Seasonal Naive [reference],38065,27436.0
2023-02-01,2023-04-01,2,Naive [reference],38065,36525.0
2023-02-01,2023-04-01,2,Ridge Regression (10 Indicators),38065,37177.20146753991
2023-02-01,2023-05-01,3,Holt-Winters (damped) [reference],44803,38711.34307798845
2023-02-01,2023-05-01,3,Seasonal Naive [reference],44803,29218.0
2023-02-01,2023-05-01,3,Naive [reference],44803,36525.0
2023-02-01,2023-05-01,3,Ridge Regression (10 Indicators),44803,37963.43880525208
2023-03-01,2023-04-01,1,Holt-Winters (damped) [reference],38065,40559.93196846187
2023-03-01,2023-04-01,1,Seasonal Naive [reference],38065,27436.0
2023-03-01,2023-04-01,1,Naive [reference],38065,43131.0
2023-03-01,2023-04-01,1,Ridge Regression (10 Indicators),38065,39204.3207627672
2023-03-01,2023-05-01,2,Holt-Winters (damped) [reference],44803,41790.19269526863
2023-03-01,2023-05-01,2,Seasonal Naive [reference],44803,29218.0
2023-03-01,2023-05-01,2,Naive [reference],44803,43131.0
2023-03-01,2023-05-01,2,Ridge Regression (10 Indicators),44803,40380.89767191612
2023-03-01,2023-06-01,3,Holt-Winters (damped) [reference],44020,42969.93136152068
2023-03-01,2023-06-01,3,Seasonal Naive [reference],44020,33199.0
2023-03-01,2023-06-01,3,Naive [reference],44020,43131.0
2023-03-01,2023-06-01,3,Ridge Regression (10 Indicators),44020,42682.94188130301
2023-04-01,2023-05-01,1,Holt-Winters (damped) [reference],44803,39656.13566072595
2023-04-01,2023-05-01,1,Seasonal Naive [reference],44803,29218.0
2023-04-01,2023-05-01,1,Naive [reference],44803,38065.0
2023-04-01,2023-05-01,1,Ridge Regression (10 Indicators),44803,39983.773383338324
2023-04-01,2023-06-01,2,Holt-Winters (damped) [reference],44020,41485.0044146124
2023-04-01,2023-06-01,2,Seasonal Naive [reference],44020,33199.0
2023-04-01,2023-06-01,2,Naive [reference],44020,38065.0
2023-04-01,2023-06-01,2,Ridge Regression (10 Indicators),44020,42161.03661887582
2023-04-01,2023-07-01,3,Holt-Winters (damped) [reference],36637,40252.10792230998
2023-04-01,2023-07-01,3,Seasonal Naive [reference],36637,30405.0
2023-04-01,2023-07-01,3,Naive [reference],36637,38065.0
2023-04-01,2023-07-01,3,Ridge Regression (10 Indicators),36637,40820.70180423434
2023-05-01,2023-06-01,1,Holt-Winters (damped) [reference],44020,44384.06597144952
2023-05-01,2023-06-01,1,Seasonal Naive [reference],44020,33199.0
2023-05-01,2023-06-01,1,Naive [reference],44020,44803.0
2023-05-01,2023-06-01,1,Ridge Regression (10 Indicators),44020,43554.64777782545
2023-05-01,2023-07-01,2,Holt-Winters (damped) [reference],36637,44301.778284036416
2023-05-01,2023-07-01,2,Seasonal Naive [reference],36637,30405.0
2023-05-01,2023-07-01,2,Naive [reference],36637,44803.0
2023-05-01,2023-07-01,2,Ridge Regression (10 Indicators),36637,42860.44331004415
2023-05-01,2023-08-01,3,Holt-Winters (damped) [reference],47222,45978.56253261267
2023-05-01,2023-08-01,3,Seasonal Naive [reference],47222,33811.0
2023-05-01,2023-08-01,3,Naive [reference],47222,44803.0
2023-05-01,2023-08-01,3,Ridge Regression (10 Indicators),47222,43062.40738125904
2023-06-01,2023-07-01,1,Holt-Winters (damped) [reference],36637,44101.61388591127
2023-06-01,2023-07-01,1,Seasonal Naive [reference],36637,30405.0
2023-06-01,2023-07-01,1,Naive [reference],36637,44020.0
2023-06-01,2023-07-01,1,Ridge Regression (10 Indicators),36637,43039.716852432066
2023-06-01,2023-08-01,2,Holt-Winters (damped) [reference],47222,45727.64188812514
2023-06-01,2023-08-01,2,Seasonal Naive [reference],47222,33811.0
2023-06-01,2023-08-01,2,Naive [reference],47222,44020.0
2023-06-01,2023-08-01,2,Ridge Regression (10 Indicators),47222,43281.22413501718
2023-06-01,2023-09-01,3,Holt-Winters (damped) [reference],42819,47311.41535813572
2023-06-01,2023-09-01,3,Seasonal Naive [reference],42819,34266.0
2023-06-01,2023-09-01,3,Naive [reference],42819,44020.0
2023-06-01,2023-09-01,3,Ridge Regression (10 Indicators),42819,43753.62341725967
2023-07-01,2023-08-01,1,Holt-Winters (damped) [reference],47222,40973.25866518911
2023-07-01,2023-08-01,1,Seasonal Naive [reference],47222,33811.0
2023-07-01,2023-08-01,1,Naive [reference],47222,36637.0
2023-07-01,2023-08-01,1,Ridge Regression (10 Indicators),47222,41205.026474702696
2023-07-01,2023-09-01,2,Holt-Winters (damped) [reference],42819,42291.54096244288
2023-07-01,2023-09-01,2,Seasonal Naive [reference],42819,34266.0
2023-07-01,2023-09-01,2,Naive [reference],42819,36637.0
2023-07-01,2023-09-01,2,Ridge Regression (10 Indicators),42819,41852.05573355382
2023-07-01,2023-10-01,3,Holt-Winters (damped) [reference],46159,42909.294601354704
2023-07-01,2023-10-01,3,Seasonal Naive [reference],46159,33128.0
2023-07-01,2023-10-01,3,Naive [reference],46159,36637.0
2023-07-01,2023-10-01,3,Ridge Regression (10 Indicators),46159,38588.34928258716
2023-08-01,2023-09-01,1,Holt-Winters (damped) [reference],42819,45484.13106966448
2023-08-01,2023-09-01,1,Seasonal Naive [reference],42819,34266.0
2023-08-01,2023-09-01,1,Naive [reference],42819,47222.0
2023-08-01,2023-09-01,1,Ridge Regression (10 Indicators),42819,43518.491699148675
2023-08-01,2023-10-01,2,Holt-Winters (damped) [reference],46159,46088.544849065365
2023-08-01,2023-10-01,2,Seasonal Naive [reference],46159,33128.0
2023-08-01,2023-10-01,2,Naive [reference],46159,47222.0
2023-08-01,2023-10-01,2,Ridge Regression (10 Indicators),46159,40732.1022448404
2023-08-01,2023-11-01,3,Holt-Winters (damped) [reference],49783,47707.199574938655
2023-08-01,2023-11-01,3,Seasonal Naive [reference],49783,37554.0
2023-08-01,2023-11-01,3,Naive [reference],49783,47222.0
2023-08-01,2023-11-01,3,Ridge Regression (10 Indicators),49783,44784.76042635604
2023-09-01,2023-10-01,1,Holt-Winters (damped) [reference],46159,44465.25715063804
2023-09-01,2023-10-01,1,Seasonal Naive [reference],46159,33128.0
2023-09-01,2023-10-01,1,Naive [reference],46159,42819.0
2023-09-01,2023-10-01,1,Ridge Regression (10 Indicators),46159,40672.4865541904
2023-09-01,2023-11-01,2,Holt-Winters (damped) [reference],49783,45837.4097162142
2023-09-01,2023-11-01,2,Seasonal Naive [reference],49783,37554.0
2023-09-01,2023-11-01,2,Naive [reference],49783,42819.0
2023-09-01,2023-11-01,2,Ridge Regression (10 Indicators),49783,44517.86550528002
2023-09-01,2023-12-01,3,Holt-Winters (damped) [reference],39378,42007.15782894778
2023-09-01,2023-12-01,3,Seasonal Naive [reference],39378,33209.0
2023-09-01,2023-12-01,3,Naive [reference],39378,42819.0
2023-09-01,2023-12-01,3,Ridge Regression (10 Indicators),39378,42780.26634474202
2023-10-01,2023-11-01,1,Holt-Winters (damped) [reference],49783,46700.670295072276
2023-10-01,2023-11-01,1,Seasonal Naive [reference],49783,37554.0
2023-10-01,2023-11-01,1,Naive [reference],49783,46159.0
2023-10-01,2023-11-01,1,Ridge Regression (10 Indicators),49783,46119.933086644254
2023-10-01,2023-12-01,2,Holt-Winters (damped) [reference],39378,42976.56252356331
2023-10-01,2023-12-01,2,Seasonal Naive [reference],39378,33209.0
2023-10-01,2023-12-01,2,Naive [reference],39378,46159.0
2023-10-01,2023-12-01,2,Ridge Regression (10 Indicators),39378,44895.880889545064
2023-10-01,2024-01-01,3,Holt-Winters (damped) [reference],45630,43464.986240544335
2023-10-01,2024-01-01,3,Seasonal Naive [reference],45630,34802.0
2023-10-01,2024-01-01,3,Naive [reference],45630,46159.0
2023-10-01,2024-01-01,3,Ridge Regression (10 Indicators),45630,45326.58726536071
2023-11-01,2023-12-01,1,Holt-Winters (damped) [reference],39378,44556.4196761705
2023-11-01,2023-12-01,1,Seasonal Naive [reference],39378,33209.0
2023-11-01,2023-12-01,1,Naive [reference],39378,49783.0
2023-11-01,2023-12-01,1,Ridge Regression (10 Indicators),39378,46070.47975730216
2023-11-01,2024-01-01,2,Holt-Winters (damped) [reference],45630,45324.99794801525
2023-11-01,2024-01-01,2,Seasonal Naive [reference],45630,34802.0
2023-11-01,2024-01-01,2,Naive [reference],45630,49783.0
2023-11-01,2024-01-01,2,Ridge Regression (10 Indicators),45630,46101.99279683331
2023-11-01,2024-02-01,3,Holt-Winters (damped) [reference],48612,46821.92784562451
2023-11-01,2024-02-01,3,Seasonal Naive [reference],48612,36525.0
2023-11-01,2024-02-01,3,Naive [reference],48612,49783.0
2023-11-01,2024-02-01,3,Ridge Regression (10 Indicators),48612,48467.85667172006
2023-12-01,2024-01-01,1,Holt-Winters (damped) [reference],45630,42384.0349817195
2023-12-01,2024-01-01,1,Seasonal Naive [reference],45630,34802.0
2023-12-01,2024-01-01,1,Naive [reference],45630,39378.0
2023-12-01,2024-01-01,1,Ridge Regression (10 Indicators),45630,45006.43754006663
2023-12-01,2024-02-01,2,Holt-Winters (damped) [reference],48612,43390.84146454392
2023-12-01,2024-02-01,2,Seasonal Naive [reference],48612,36525.0
2023-12-01,2024-02-01,2,Naive [reference],48612,39378.0
2023-12-01,2024-02-01,2,Ridge Regression (10 Indicators),48612,47124.31974475772
2023-12-01,2024-03-01,3,Holt-Winters (damped) [reference],48339,47379.64025482903
2023-12-01,2024-03-01,3,Seasonal Naive [reference],48339,43131.0
2023-12-01,2024-03-01,3,Naive [reference],48339,39378.0
2023-12-01,2024-03-01,3,Ridge Regression (10 Indicators),48339,49181.20295909772
2024-01-01,2024-02-01,1,Holt-Winters (damped) [reference],48612,45396.13217020835
2024-01-01,2024-02-01,1,Seasonal Naive [reference],48612,36525.0
2024-01-01,2024-02-01,1,Naive [reference],48612,45630.0
2024-01-01,2024-02-01,1,Ridge Regression (10 Indicators),48612,47276.559905378075
2024-01-01,2024-03-01,2,Holt-Winters (damped) [reference],48339,49650.32456204494
2024-01-01,2024-03-01,2,Seasonal Naive [reference],48339,43131.0
2024-01-01,2024-03-01,2,Naive [reference],48339,45630.0
2024-01-01,2024-03-01,2,Ridge Regression (10 Indicators),48339,49359.29592534328
2024-01-01,2024-04-01,3,Holt-Winters (damped) [reference],51279,48164.43831610215
2024-01-01,2024-04-01,3,Seasonal Naive [reference],51279,38065.0
2024-01-01,2024-04-01,3,Naive [reference],51279,45630.0
2024-01-01,2024-04-01,3,Ridge Regression (10 Indicators),51279,49619.11672571789
2024-02-01,2024-03-01,1,Holt-Winters (damped) [reference],48339,51021.24868951964
2024-02-01,2024-03-01,1,Seasonal Naive [reference],48339,43131.0
2024-02-01,2024-03-01,1,Naive [reference],48339,48612.0
2024-02-01,2024-03-01,1,Ridge Regression (10 Indicators),48339,49715.25991727218
2024-02-01,2024-04-01,2,Holt-Winters (damped) [reference],51279,49661.58173561174
2024-02-01,2024-04-01,2,Seasonal Naive [reference],51279,38065.0
2024-02-01,2024-04-01,2,Naive [reference],51279,48612.0
2024-02-01,2024-04-01,2,Ridge Regression (10 Indicators),51279,49998.04429066491
2024-02-01,2024-05-01,3,Holt-Winters (damped) [reference],54405,52032.87353924582
2024-02-01,2024-05-01,3,Seasonal Naive [reference],54405,44803.0
2024-02-01,2024-05-01,3,Naive [reference],54405,48612.0
2024-02-01,2024-05-01,3,Ridge Regression (10 Indicators),54405,54588.38689923506
2024-03-01,2024-04-01,1,Holt-Winters (damped) [reference],51279,48547.136133968765
2024-03-01,2024-04-01,1,Seasonal Naive [reference],51279,38065.0
2024-03-01,2024-04-01,1,Naive [reference],51279,48339.0
2024-03-01,2024-04-01,1,Ridge Regression (10 Indicators),51279,49599.361727320495
2024-03-01,2024-05-01,2,Holt-Winters (damped) [reference],54405,50806.84798412651
2024-03-01,2024-05-01,2,Seasonal Naive [reference],54405,44803.0
2024-03-01,2024-05-01,2,Naive [reference],54405,48339.0
2024-03-01,2024-05-01,2,Ridge Regression (10 Indicators),54405,53966.86483243756
2024-03-01,2024-06-01,3,Holt-Winters (damped) [reference],48786,51576.197924891
2024-03-01,2024-06-01,3,Seasonal Naive [reference],48786,44020.0
2024-03-01,2024-06-01,3,Naive [reference],48786,48339.0
2024-03-01,2024-06-01,3,Ridge Regression (10 Indicators),48786,53228.70341405182
2024-04-01,2024-05-01,1,Holt-Winters (damped) [reference],54405,51897.70638240972
2024-04-01,2024-05-01,1,Seasonal Naive [reference],54405,44803.0
2024-04-01,2024-05-01,1,Naive [reference],54405,51279.0
2024-04-01,2024-05-01,1,Ridge Regression (10 Indicators),54405,54488.360026730326
2024-04-01,2024-06-01,2,Holt-Winters (damped) [reference],48786,52833.96180495436
2024-04-01,2024-06-01,2,Seasonal Naive [reference],48786,44020.0
2024-04-01,2024-06-01,2,Naive [reference],48786,51279.0
2024-04-01,2024-06-01,2,Ridge Regression (10 Indicators),48786,53713.03521355093
2024-04-01,2024-07-01,3,Holt-Winters (damped) [reference],48010,51045.91464688412
2024-04-01,2024-07-01,3,Seasonal Naive [reference],48010,36637.0
2024-04-01,2024-07-01,3,Naive [reference],48010,51279.0
2024-04-01,2024-07-01,3,Ridge Regression (10 Indicators),48010,53206.43316708262
2024-05-01,2024-06-01,1,Holt-Winters (damped) [reference],48786,53787.43427765874
2024-05-01,2024-06-01,1,Seasonal Naive [reference],48786,44020.0
2024-05-01,2024-06-01,1,Naive [reference],48786,54405.0
2024-05-01,2024-06-01,1,Ridge Regression (10 Indicators),48786,53660.61574652455
2024-05-01,2024-07-01,2,Holt-Winters (damped) [reference],48010,52091.4093712424
2024-05-01,2024-07-01,2,Seasonal Naive [reference],48010,36637.0
2024-05-01,2024-07-01,2,Naive [reference],48010,54405.0
2024-05-01,2024-07-01,2,Ridge Regression (10 Indicators),48010,53186.44904884641
2024-05-01,2024-08-01,3,Holt-Winters (damped) [reference],52238,55451.12284791566
2024-05-01,2024-08-01,3,Seasonal Naive [reference],52238,47222.0
2024-05-01,2024-08-01,3,Naive [reference],52238,54405.0
2024-05-01,2024-08-01,3,Ridge Regression (10 Indicators),52238,60602.45922515271
2024-06-01,2024-07-01,1,Holt-Winters (damped) [reference],48010,50188.35567862246
2024-06-01,2024-07-01,1,Seasonal Naive [reference],48010,36637.0
2024-06-01,2024-07-01,1,Naive [reference],48010,48786.0
2024-06-01,2024-07-01,1,Ridge Regression (10 Indicators),48010,52140.7047761063
2024-06-01,2024-08-01,2,Holt-Winters (damped) [reference],52238,53360.26210500511
2024-06-01,2024-08-01,2,Seasonal Naive [reference],52238,47222.0
2024-06-01,2024-08-01,2,Naive [reference],52238,48786.0
2024-06-01,2024-08-01,2,Ridge Regression (10 Indicators),52238,59485.139220517536
2024-06-01,2024-09-01,3,Holt-Winters (damped) [reference],49458,53642.24366005198
2024-06-01,2024-09-01,3,Seasonal Naive [reference],49458,42819.0
2024-06-01,2024-09-01,3,Naive [reference],49458,48786.0
2024-06-01,2024-09-01,3,Ridge Regression (10 Indicators),49458,53060.41134581424
2024-07-01,2024-08-01,1,Holt-Winters (damped) [reference],52238,52470.09232409363
2024-07-01,2024-08-01,1,Seasonal Naive [reference],52238,47222.0
2024-07-01,2024-08-01,1,Naive [reference],52238,48010.0
2024-07-01,2024-08-01,1,Ridge Regression (10 Indicators),52238,58671.36261572686
2024-07-01,2024-09-01,2,Holt-Winters (damped) [reference],49458,52655.73201890896
2024-07-01,2024-09-01,2,Seasonal Naive [reference],49458,42819.0
2024-07-01,2024-09-01,2,Naive [reference],49458,48010.0
2024-07-01,2024-09-01,2,Ridge Regression (10 Indicators),49458,51996.2546579746
2024-07-01,2024-10-01,3,Holt-Winters (damped) [reference],57737,53538.38782840852
2024-07-01,2024-10-01,3,Seasonal Naive [reference],57737,46159.0
2024-07-01,2024-10-01,3,Naive [reference],57737,48010.0
2024-07-01,2024-10-01,3,Ridge Regression (10 Indicators),57737,54353.83704332491
2024-08-01,2024-09-01,1,Holt-Winters (damped) [reference],49458,52524.5165001882
2024-08-01,2024-09-01,1,Seasonal Naive [reference],49458,42819.0
2024-08-01,2024-09-01,1,Naive [reference],49458,52238.0
2024-08-01,2024-09-01,1,Ridge Regression (10 Indicators),49458,51245.49044834617
2024-08-01,2024-10-01,2,Holt-Winters (damped) [reference],57737,53391.43765747521
2024-08-01,2024-10-01,2,Seasonal Naive [reference],57737,46159.0
2024-08-01,2024-10-01,2,Naive [reference],57737,52238.0
2024-08-01,2024-10-01,2,Ridge Regression (10 Indicators),57737,53167.03770391768
2024-08-01,2024-11-01,3,Holt-Winters (damped) [reference],53699,55364.3401112083
2024-08-01,2024-11-01,3,Seasonal Naive [reference],53699,49783.0
2024-08-01,2024-11-01,3,Naive [reference],53699,52238.0
2024-08-01,2024-11-01,3,Ridge Regression (10 Indicators),53699,55902.12846831969
2024-09-01,2024-10-01,1,Holt-Winters (damped) [reference],57737,51644.91839245039
2024-09-01,2024-10-01,1,Seasonal Naive [reference],57737,46159.0
2024-09-01,2024-10-01,1,Naive [reference],57737,49458.0
2024-09-01,2024-10-01,1,Ridge Regression (10 Indicators),57737,52695.88569707018
2024-09-01,2024-11-01,2,Holt-Winters (damped) [reference],53699,53399.840176348494
2024-09-01,2024-11-01,2,Seasonal Naive [reference],53699,49783.0
2024-09-01,2024-11-01,2,Naive [reference],53699,49458.0
2024-09-01,2024-11-01,2,Ridge Regression (10 Indicators),53699,55367.379313445
2024-09-01,2024-12-01,3,Holt-Winters (damped) [reference],40773,48212.77553558999
2024-09-01,2024-12-01,3,Seasonal Naive [reference],40773,39378.0
2024-09-01,2024-12-01,3,Naive [reference],40773,49458.0
2024-09-01,2024-12-01,3,Ridge Regression (10 Indicators),40773,51535.0761220978
2024-10-01,2024-11-01,1,Holt-Winters (damped) [reference],53699,56213.59283943519
2024-10-01,2024-11-01,1,Seasonal Naive [reference],53699,49783.0
2024-10-01,2024-11-01,1,Naive [reference],53699,57737.0
2024-10-01,2024-11-01,1,Ridge Regression (10 Indicators),53699,56498.214233501625
2024-10-01,2024-12-01,2,Holt-Winters (damped) [reference],40773,51064.511726357785
2024-10-01,2024-12-01,2,Seasonal Naive [reference],40773,39378.0
2024-10-01,2024-12-01,2,Naive [reference],40773,57737.0
2024-10-01,2024-12-01,2,Ridge Regression (10 Indicators),40773,52684.73382992993
2024-10-01,2025-01-01,3,Holt-Winters (damped) [reference],51609,52875.22378682598
2024-10-01,2025-01-01,3,Seasonal Naive [reference],51609,45630.0
2024-10-01,2025-01-01,3,Naive [reference],51609,57737.0
2024-10-01,2025-01-01,3,Ridge Regression (10 Indicators),51609,53508.27378180342
2024-11-01,2024-12-01,1,Holt-Winters (damped) [reference],40773,50406.92609642913
2024-11-01,2024-12-01,1,Seasonal Naive [reference],40773,39378.0
2024-11-01,2024-12-01,1,Naive [reference],40773,53699.0
2024-11-01,2024-12-01,1,Ridge Regression (10 Indicators),40773,52338.681116165215
2024-11-01,2025-01-01,2,Holt-Winters (damped) [reference],51609,51970.91862681623
2024-11-01,2025-01-01,2,Seasonal Naive [reference],51609,45630.0
2024-11-01,2025-01-01,2,Naive [reference],51609,53699.0
2024-11-01,2025-01-01,2,Ridge Regression (10 Indicators),51609,53148.60228320045
2024-11-01,2025-02-01,3,Holt-Winters (damped) [reference],48426,53507.84398012605
2024-11-01,2025-02-01,3,Seasonal Naive [reference],48426,48612.0
2024-11-01,2025-02-01,3,Naive [reference],48426,53699.0
2024-11-01,2025-02-01,3,Ridge Regression (10 Indicators),48426,52130.371969029526
2024-12-01,2025-01-01,1,Holt-Winters (damped) [reference],51609,48170.96580398402
2024-12-01,2025-01-01,1,Seasonal Naive [reference],51609,45630.0
2024-12-01,2025-01-01,1,Naive [reference],51609,40773.0
2024-12-01,2025-01-01,1,Ridge Regression (10 Indicators),51609,51319.9451482857
2024-12-01,2025-02-01,2,Holt-Winters (damped) [reference],48426,49498.20151459898
2024-12-01,2025-02-01,2,Seasonal Naive [reference],48426,48612.0
2024-12-01,2025-02-01,2,Naive [reference],48426,40773.0
2024-12-01,2025-02-01,2,Ridge Regression (10 Indicators),48426,51409.172776895866
2024-12-01,2025-03-01,3,Holt-Winters (damped) [reference],53142,52933.415981130274
2024-12-01,2025-03-01,3,Seasonal Naive [reference],53142,48339.0
2024-12-01,2025-03-01,3,Naive [reference],53142,40773.0
2024-12-01,2025-03-01,3,Ridge Regression (10 Indicators),53142,51035.906212066635
2025-01-01,2025-02-01,1,Holt-Winters (damped) [reference],48426,50569.41509722149
2025-01-01,2025-02-01,1,Seasonal Naive [reference],48426,48612.0
2025-01-01,2025-02-01,1,Naive [reference],48426,51609.0
2025-01-01,2025-02-01,1,Ridge Regression (10 Indicators),48426,51506.48215214985
2025-01-01,2025-03-01,2,Holt-Winters (damped) [reference],53142,53660.82565654822
2025-01-01,2025-03-01,2,Seasonal Naive [reference],53142,48339.0
2025-01-01,2025-03-01,2,Naive [reference],53142,51609.0
2025-01-01,2025-03-01,2,Ridge Regression (10 Indicators),53142,51106.432416164585
2025-01-01,2025-04-01,3,Holt-Winters (damped) [reference],55425,52666.321433880694
2025-01-01,2025-04-01,3,Seasonal Naive [reference],55425,51279.0
2025-01-01,2025-04-01,3,Naive [reference],55425,51609.0
2025-01-01,2025-04-01,3,Ridge Regression (10 Indicators),55425,55178.11425506004
2025-02-01,2025-03-01,1,Holt-Winters (damped) [reference],53142,53392.59674628931
2025-02-01,2025-03-01,1,Seasonal Naive [reference],53142,48339.0
2025-02-01,2025-03-01,1,Naive [reference],53142,48426.0
2025-02-01,2025-03-01,1,Ridge Regression (10 Indicators),53142,50551.161764797405
2025-02-01,2025-04-01,2,Holt-Winters (damped) [reference],55425,52268.903677396425
2025-02-01,2025-04-01,2,Seasonal Naive [reference],55425,51279.0
2025-02-01,2025-04-01,2,Naive [reference],55425,48426.0
2025-02-01,2025-04-01,2,Ridge Regression (10 Indicators),55425,54586.829446646705
2025-02-01,2025-05-01,3,Holt-Winters (damped) [reference],55560,54398.505564042025
2025-02-01,2025-05-01,3,Seasonal Naive [reference],55560,54405.0
2025-02-01,2025-05-01,3,Naive [reference],55560,48426.0
2025-02-01,2025-05-01,3,Ridge Regression (10 Indicators),55560,53531.59978492666
2025-03-01,2025-04-01,1,Holt-Winters (damped) [reference],55425,52193.60386224206
2025-03-01,2025-04-01,1,Seasonal Naive [reference],55425,51279.0
2025-03-01,2025-04-01,1,Naive [reference],55425,53142.0
2025-03-01,2025-04-01,1,Ridge Regression (10 Indicators),55425,54992.98888082012
2025-03-01,2025-05-01,2,Holt-Winters (damped) [reference],55560,54320.42537154353
2025-03-01,2025-05-01,2,Seasonal Naive [reference],55560,54405.0
2025-03-01,2025-05-01,2,Naive [reference],55560,53142.0
2025-03-01,2025-05-01,2,Ridge Regression (10 Indicators),55560,54021.454405264274
2025-03-01,2025-06-01,3,Holt-Winters (damped) [reference],55816,54115.17443310695
2025-03-01,2025-06-01,3,Seasonal Naive [reference],55816,48786.0
2025-03-01,2025-06-01,3,Naive [reference],55816,53142.0
2025-03-01,2025-06-01,3,Ridge Regression (10 Indicators),55816,52730.65271578973
2025-04-01,2025-05-01,1,Holt-Winters (damped) [reference],55560,55351.21696205364
2025-04-01,2025-05-01,1,Seasonal Naive [reference],55560,54405.0
2025-04-01,2025-05-01,1,Naive [reference],55560,55425.0
2025-04-01,2025-05-01,1,Ridge Regression (10 Indicators),55560,54148.51749871542
2025-04-01,2025-06-01,2,Holt-Winters (damped) [reference],55816,55194.35875703442
2025-04-01,2025-06-01,2,Seasonal Naive [reference],55816,48786.0
2025-04-01,2025-06-01,2,Naive [reference],55816,55425.0
2025-04-01,2025-06-01,2,Ridge Regression (10 Indicators),55816,52795.77407973817
2025-04-01,2025-07-01,3,Holt-Winters (damped) [reference],57442,53193.36849766413
2025-04-01,2025-07-01,3,Seasonal Naive [reference],57442,48010.0
2025-04-01,2025-07-01,3,Naive [reference],57442,55425.0
2025-04-01,2025-07-01,3,Ridge Regression (10 Indicators),57442,55327.30609602424
2025-05-01,2025-06-01,1,Holt-Winters (damped) [reference],55816,55244.86729899997
2025-05-01,2025-06-01,1,Seasonal Naive [reference],55816,48786.0
2025-05-01,2025-06-01,1,Naive [reference],55816,55560.0
2025-05-01,2025-06-01,1,Ridge Regression (10 Indicators),55816,53094.94435676187
2025-05-01,2025-07-01,2,Holt-Winters (damped) [reference],57442,53244.41538674759
2025-05-01,2025-07-01,2,Seasonal Naive [reference],57442,48010.0
2025-05-01,2025-07-01,2,Naive [reference],57442,55560.0
2025-05-01,2025-07-01,2,Ridge Regression (10 Indicators),57442,55557.64523476787
2025-05-01,2025-08-01,3,Holt-Winters (damped) [reference],52818,56308.99233002483
2025-05-01,2025-08-01,3,Seasonal Naive [reference],52818,52238.0
2025-05-01,2025-08-01,3,Naive [reference],52818,55560.0
2025-05-01,2025-08-01,3,Ridge Regression (10 Indicators),52818,56513.0389412388
2025-06-01,2025-07-01,1,Holt-Winters (damped) [reference],57442,53439.09505997725
2025-06-01,2025-07-01,1,Seasonal Naive [reference],57442,48010.0
2025-06-01,2025-07-01,1,Naive [reference],57442,55816.0
2025-06-01,2025-07-01,1,Ridge Regression (10 Indicators),57442,55996.63394096073
2025-06-01,2025-08-01,2,Holt-Winters (damped) [reference],52818,56502.04775117856
2025-06-01,2025-08-01,2,Seasonal Naive [reference],52818,52238.0
2025-06-01,2025-08-01,2,Naive [reference],52818,55816.0
2025-06-01,2025-08-01,2,Ridge Regression (10 Indicators),52818,57224.078364703826
2025-06-01,2025-09-01,3,Holt-Winters (damped) [reference],53545,56248.238496234604
2025-06-01,2025-09-01,3,Seasonal Naive [reference],53545,49458.0
2025-06-01,2025-09-01,3,Naive [reference],53545,55816.0
2025-06-01,2025-09-01,3,Ridge Regression (10 Indicators),53545,56634.48629212614
2025-07-01,2025-08-01,1,Holt-Winters (damped) [reference],52818,57831.366485203354
2025-07-01,2025-08-01,1,Seasonal Naive [reference],52818,52238.0
2025-07-01,2025-08-01,1,Naive [reference],52818,57442.0
2025-07-01,2025-08-01,1,Ridge Regression (10 Indicators),52818,57490.69316208566
2025-07-01,2025-09-01,2,Holt-Winters (damped) [reference],53545,57549.32455356322
2025-07-01,2025-09-01,2,Seasonal Naive [reference],53545,49458.0
2025-07-01,2025-09-01,2,Naive [reference],53545,57442.0
2025-07-01,2025-09-01,2,Ridge Regression (10 Indicators),53545,56919.628342993994
2025-07-01,2025-10-01,3,Holt-Winters (damped) [reference],60473,59257.03162268873
2025-07-01,2025-10-01,3,Seasonal Naive [reference],60473,57737.0
2025-07-01,2025-10-01,3,Naive [reference],60473,57442.0
2025-07-01,2025-10-01,3,Ridge Regression (10 Indicators),60473,59900.96876064301
2025-08-01,2025-09-01,1,Holt-Winters (damped) [reference],53545,55361.3944591909
2025-08-01,2025-09-01,1,Seasonal Naive [reference],53545,49458.0
2025-08-01,2025-09-01,1,Naive [reference],53545,52818.0
2025-08-01,2025-09-01,1,Ridge Regression (10 Indicators),53545,55981.27766922737
2025-08-01,2025-10-01,2,Holt-Winters (damped) [reference],60473,57341.3997601984
2025-08-01,2025-10-01,2,Seasonal Naive [reference],60473,57737.0
2025-08-01,2025-10-01,2,Naive [reference],60473,52818.0
2025-08-01,2025-10-01,2,Ridge Regression (10 Indicators),60473,58944.167614233724
2025-08-01,2025-11-01,3,Holt-Winters (damped) [reference],55296,58108.34838950722
2025-08-01,2025-11-01,3,Seasonal Naive [reference],55296,53699.0
2025-08-01,2025-11-01,3,Naive [reference],55296,52818.0
2025-08-01,2025-11-01,3,Ridge Regression (10 Indicators),55296,56881.11475858124
2025-09-01,2025-10-01,1,Holt-Winters (damped) [reference],60473,56747.53434558162
2025-09-01,2025-10-01,1,Seasonal Naive [reference],60473,57737.0
2025-09-01,2025-10-01,1,Naive [reference],60473,53545.0
2025-09-01,2025-10-01,1,Ridge Regression (10 Indicators),60473,58475.187852119314
2025-09-01,2025-11-01,2,Holt-Winters (damped) [reference],55296,57470.787835541414
2025-09-01,2025-11-01,2,Seasonal Naive [reference],55296,53699.0
2025-09-01,2025-11-01,2,Naive [reference],55296,53545.0
2025-09-01,2025-11-01,2,Ridge Regression (10 Indicators),55296,56516.18666986415
2025-09-01,2025-12-01,3,Holt-Winters (damped) [reference],53924,50845.335274791716
2025-09-01,2025-12-01,3,Seasonal Naive [reference],53924,40773.0
2025-09-01,2025-12-01,3,Naive [reference],53924,53545.0
2025-09-01,2025-12-01,3,Ridge Regression (10 Indicators),53924,52254.68504528124
2025-10-01,2025-11-01,1,Holt-Winters (damped) [reference],55296,58563.36153558967
2025-10-01,2025-11-01,1,Seasonal Naive [reference],55296,53699.0
2025-10-01,2025-11-01,1,Naive [reference],55296,60473.0
2025-10-01,2025-11-01,1,Ridge Regression (10 Indicators),55296,56817.18667495344
2025-10-01,2025-12-01,2,Holt-Winters (damped) [reference],53924,52418.13043514854
2025-10-01,2025-12-01,2,Seasonal Naive [reference],53924,40773.0
2025-10-01,2025-12-01,2,Naive [reference],53924,60473.0
2025-10-01,2025-12-01,2,Ridge Regression (10 Indicators),53924,52513.28455309324
2025-10-01,2026-01-01,3,Holt-Winters (damped) [reference],51231,55227.88980766143
2025-10-01,2026-01-01,3,Seasonal Naive [reference],51231,51609.0
2025-10-01,2026-01-01,3,Naive [reference],51231,60473.0
2025-10-01,2026-01-01,3,Ridge Regression (10 Indicators),51231,57882.93703140559
2025-11-01,2025-12-01,1,Holt-Winters (damped) [reference],53924,51330.973966467296
2025-11-01,2025-12-01,1,Seasonal Naive [reference],53924,40773.0
2025-11-01,2025-12-01,1,Naive [reference],53924,55296.0
2025-11-01,2025-12-01,1,Ridge Regression (10 Indicators),53924,52344.7304076562
2025-11-01,2026-01-01,2,Holt-Winters (damped) [reference],51231,53954.83174409912
2025-11-01,2026-01-01,2,Seasonal Naive [reference],51231,51609.0
2025-11-01,2026-01-01,2,Naive [reference],51231,55296.0
2025-11-01,2026-01-01,2,Ridge Regression (10 Indicators),51231,57717.1137327122
2025-11-01,2026-02-01,3,Holt-Winters (damped) [reference],53193,54431.16052989583
2025-11-01,2026-02-01,3,Seasonal Naive [reference],53193,48426.0
2025-11-01,2026-02-01,3,Naive [reference],53193,55296.0
2025-11-01,2026-02-01,3,Ridge Regression (10 Indicators),53193,54805.74501144501
2025-12-01,2026-01-01,1,Holt-Winters (damped) [reference],51231,54766.394336058074
2025-12-01,2026-01-01,1,Seasonal Naive [reference],51231,51609.0
2025-12-01,2026-01-01,1,Naive [reference],51231,53924.0
2025-12-01,2026-01-01,1,Ridge Regression (10 Indicators),51231,57930.71331229788
2025-12-01,2026-02-01,2,Holt-Winters (damped) [reference],53193,55423.57230818065
2025-12-01,2026-02-01,2,Seasonal Naive [reference],53193,48426.0
2025-12-01,2026-02-01,2,Naive [reference],53193,53924.0
2025-12-01,2026-02-01,2,Ridge Regression (10 Indicators),53193,55088.7508469641
2025-12-01,2026-03-01,3,Holt-Winters (damped) [reference],59298,58865.15106989669
2025-12-01,2026-03-01,3,Seasonal Naive [reference],59298,53142.0
2025-12-01,2026-03-01,3,Naive [reference],59298,53924.0
2025-12-01,2026-03-01,3,Ridge Regression (10 Indicators),59298,56303.89252901341
2026-01-01,2026-02-01,1,Holt-Winters (damped) [reference],53193,54615.51797367957
2026-01-01,2026-02-01,1,Seasonal Naive [reference],53193,48426.0
2026-01-01,2026-02-01,1,Naive [reference],53193,51231.0
2026-01-01,2026-02-01,1,Ridge Regression (10 Indicators),53193,53925.61324475445
2026-01-01,2026-03-01,2,Holt-Winters (damped) [reference],59298,57967.88625449337
2026-01-01,2026-03-01,2,Seasonal Naive [reference],59298,53142.0
2026-01-01,2026-03-01,2,Naive [reference],59298,51231.0
2026-01-01,2026-03-01,2,Ridge Regression (10 Indicators),59298,55125.9504447676
2026-01-01,2026-04-01,3,Holt-Winters (damped) [reference],60647,57449.866212992536
2026-01-01,2026-04-01,3,Seasonal Naive [reference],60647,55425.0
2026-01-01,2026-04-01,3,Naive [reference],60647,51231.0
2026-01-01,2026-04-01,3,Ridge Regression (10 Indicators),60647,57301.79417016135
2026-02-01,2026-03-01,1,Holt-Winters (damped) [reference],59298,57260.112756665905
2026-02-01,2026-03-01,1,Seasonal Naive [reference],59298,53142.0
2026-02-01,2026-03-01,1,Naive [reference],59298,53193.0
2026-02-01,2026-03-01,1,Ridge Regression (10 Indicators),59298,54995.43577419616
2026-02-01,2026-04-01,2,Holt-Winters (damped) [reference],60647,56727.618723787535
2026-02-01,2026-04-01,2,Seasonal Naive [reference],60647,55425.0
2026-02-01,2026-04-01,2,Naive [reference],60647,53193.0
2026-02-01,2026-04-01,2,Ridge Regression (10 Indicators),60647,57197.007894949464
2026-02-01,2026-05-01,3,Holt-Winters (damped) [reference],55440,58456.49408418128
2026-02-01,2026-05-01,3,Seasonal Naive [reference],55440,55560.0
2026-02-01,2026-05-01,3,Naive [reference],55440,53193.0
2026-02-01,2026-05-01,3,Ridge Regression (10 Indicators),55440,57535.5722228631
2026-03-01,2026-04-01,1,Holt-Winters (damped) [reference],60647,57565.08067515067
2026-03-01,2026-04-01,1,Seasonal Naive [reference],60647,55425.0
2026-03-01,2026-04-01,1,Naive [reference],60647,59298.0
2026-03-01,2026-04-01,1,Ridge Regression (10 Indicators),60647,57892.097407809866
2026-03-01,2026-05-01,2,Holt-Winters (damped) [reference],55440,59364.741794327245
2026-03-01,2026-05-01,2,Seasonal Naive [reference],55440,55560.0
2026-03-01,2026-05-01,2,Naive [reference],55440,59298.0
2026-03-01,2026-05-01,2,Ridge Regression (10 Indicators),55440,58141.170764935596
2026-03-01,2026-06-01,3,Holt-Winters (damped) [reference],57409,58803.045417747606
2026-03-01,2026-06-01,3,Seasonal Naive [reference],57409,55816.0
2026-03-01,2026-06-01,3,Naive [reference],57409,59298.0
2026-03-01,2026-06-01,3,Ridge Regression (10 Indicators),57409,58382.88718602941
